name,Antutu_Score
oneplus 15t,4455423
honor magic 8,4430255
zte nubia red magic 11 proplus,4372440
vivo iqoo 15,4314224
oppo find x9,4310538
honor magic 8,4288382
zte nubia red magic 11,4246750
realme gt 8,4193319
vivo x300,4152385
xiaomi redmi k90 promax,4119955
honor magic 8,4012279
xiaomi 17 promax,3998145
oneplus 15,3948526
vivo iqoo 15,3932243
samsung galaxy s26,3871127
xiaomi poco f8,3862914
honor win,3861611
zte nubia z80,3790413
samsung galaxy s26,3725658
vivo x300s,3703823
xiaomi 17,3667711
vivo x300,3592313
xiaomi 17,3554073
xiaomi 17,3528367
oppo find x9,3508681
honor win rt,3475149
oneplus ace 6,3429868
oppo find x9,3400423
vivo s50 mini,3397243
motorola razr 2026,3379591
oppo find x9s,3340196
realme gt 8,3336910
honor 600,3293922
asus rog 9,3290813
zte nubia red magic 10,3289721
oneplus ace 6,3280149
realme neo 8,3258199
asus zenfone 12,3247013
honor gt,3237139
honor 500,3233535
zte nubia z70s,3228937
vivo iqoo neo 11,3225721
zte nubia red magic 11,3206893
vivo x300,3198836
samsung galaxy s25,3194654
oppo find x8,3183101
vivo iqoo neo 10 proplus,3176093
oneplus 13t,3169203
xiaomi redmi turbo 5,3158192
samsung galaxy s26,3145925
motorola signature,3137101
oppo find x9s,3132001
zte nubia z70,3126402
oppo k15 proplus,3121723
xiaomi poco f8,3119308
motorola razr 60,3113462
realme gt 7,3108286
oppo find x8s,3107273
oneplus ace 5,3105769
xiaomi redmi k90,3104711
oneplus 13,3102564
vivo iqoo 13,3101793
oneplus 15r,3101475
vivo iqoo 15r,3100220
samsung galaxy s25,3092382
samsung galaxy s25 edge,3091117
samsung galaxy z fold 7,3065623
xiaomi poco f7,3060993
vivo iqoo z11 turbo,3057215
xiaomi 15,3055765
sony xperia 1 7,3052051
oneplus 13s,3037734
xiaomi poco x8 promax,3037573
vivo x200,3033519
xiaomi 15,3030376
asus rog 9,3026124
honor magic 7,3020398
oneplus ace 6t,3016213
oppo find x8s,3001855
xiaomi 15,3001049
xiaomi 15s,2998904
samsung galaxy s26,2993702
xiaomi redmi k80,2978441
honor magic 7,2967184
oppo find x8,2938544
vivo iqoo z10 turbo,2935618
oppo find x8,2929734
samsung galaxy z trifold,2926532
xiaomi redmi k80,2921404
samsung galaxy s25,2920032
samsung galaxy s26,2917441
oneplus ace 5,2914848
zte nubia red magic 10 proplus,2909205
vivo x300,2869139
realme gt 7,2835794
vivo x200s,2830117
vivo x200,2825187
xiaomi redmi turbo 5,2809170
xiaomi 15t,2777735
vivo x200,2727422
vivo iqoo neo 10,2727275
vivo x200t,2725989
vivo x200 mini,2703635
honor magic v5,2663720
zte nubia red magic 9 proplus,2647478
vivo iqoo z11,2612264
oppo find n5,2579888
oneplus ace 5,2559879
zte nubia red magic 9s,2554897
realme neo 7,2550332
zte nubia z60,2527231
asus rog 9,2514224
honor 300,2508188
xiaomi redmi k70,2486114
asus rog 8,2485113
realme gt 7,2474831
asus rog 8,2464181
realme neo 7 turbo,2463286
meizu 22,2454886
vivo x100,2450986
vivo iqoo neo 9s,2439634
vivo iqoo 12,2433337
vivo x100s,2432004
zte nubia red magic 9,2431047
zte nubia red magic 9s proplus,2426572
honor 300,2423624
samsung galaxy z flip 7,2420011
vivo x100,2415558
zte nubia red magic 10,2407888
motorola edge 70,2407614
honor power 2,2407614
oppo k13 turbo,2404308
realme gt5,2402979
oppo find x7,2402592
vivo iqoo z9 turbo,2401319
xiaomi 14,2397671
oneplus 12,2396228
vivo iqoo neo 10,2391065
vivo iqoo z10 turbo,2388540
honor magic v3,2388314
vivo iqoo neo 9,2386903
xiaomi redmi k70,2384849
oneplus turbo 6,2382990
oneplus 13r,2381948
honor magic 6,2380839
honor magic 6,2379245
xiaomi civi 5,2375195
xiaomi 14,2369196
oneplus nord 6,2366913
honor gt,2348856
samsung galaxy z fold 6,2347721
honor magic 6,2345589
xiaomi 14,2345207
vivo iqoo neo 10,2344721
honor 500,2344395
vivo iqoo neo 9s proplus,2342433
vivo iqoo 12,2332791
samsung galaxy s24,2330224
oppo find x7,2324032
vivo s30 mini,2316832
nothing 3,2306162
vivo x100,2294102
samsung galaxy s24,2292685
xiaomi redmi k80,2288566
oneplus ace 3,2287429
vivo t4,2286808
xiaomi redmi turbo 4,2284425
xiaomi 14t,2283895
xiaomi poco f7,2281773
xiaomi poco f7,2255304
oppo k15,2254164
vivo 10 fold3,2251381
vivo x100s,2233931
honor 400,2229821
samsung galaxy s24,2229474
oneplus ace 5,2197426
samsung galaxy z fold,2165173
xiaomi poco x8,2153969
samsung galaxy z flip 6,2127218
asus zenfone 11,2116482
huawei mate 80 promax wind,2116240
huawei pura 10,2107301
huawei mate 80 promax,2101808
sony xperia 1 6,2096581
huawei mate 80,2084779
realme neo 7,2081324
realme gt 7t,2079848
vivo y300 gt,2067824
samsung galaxy s25,2063253
vivo iqoo z10 turbo,2052566
oppo reno 15,2050891
oppo reno 14,2048465
infinix gt 50,2047426
samsung galaxy s24,2016744
xiaomi mix fold 4,1991672
oppo k13 turbo,1990099
infinix note 60,1989585
samsung galaxy s24,1980819
samsung galaxy s24,1971406
xiaomi redmi turbo 4,1942487
oppo reno 15 mini,1927314
xiaomi poco x7,1925109
vivo iqoo neo 8,1920379
vivo v40,1914147
vivo t3,1913837
oneplus ace 2,1908978
oneplus ace 3,1907512
oppo find x6,1904332
realme gt neo 6,1901911
asus rog 7,1899814
xiaomi 15t,1883699
vivo x90 proplus,1869058
oneplus nord 5,1849271
motorola razr 2026,1846775
oneplus 12r,1844595
zte nubia z50,1842269
samsung galaxy z flip 7,1841283
vivo iqoo z9 turbo endurance,1829106
asus rog 7,1828576
zte nubia red magic 8,1825719
vivo iqoo neo 9,1816571
xiaomi redmi turbo 3,1811065
vivo iqoo z9 turbo,1809455
vivo v70 elite,1808954
vivo x200,1807953
realme gt 6,1807243
xiaomi 14 civi,1805916
motorola edge 50,1804526
infinix note 50 proplus,1801494
xiaomi 13,1796720
vivo s50,1794400
motorola razr,1794400
vivo iqoo neo 10r,1787675
samsung galaxy z fold 5,1787267
xiaomi 13t,1782041
samsung galaxy z flip 5,1781616
vivo x90,1781240
motorola edge,1779624
motorola edge 40,1778080
tecno pova 7,1771444
honor 100,1769874
xiaomi poco f6,1767878
xiaomi poco f6,1766745
sony xperia 1 5,1761879
samsung galaxy s23,1760868
oppo find x6,1755232
xiaomi redmi k70,1747279
oneplus 11,1745155
samsung galaxy s23,1744323
xiaomi 13,1738631
honor magic v2,1738135
infinix gt 30,1737884
oppo reno 13,1727874
oppo reno 14,1727118
zte nubia red magic 8s,1720028
samsung galaxy s23,1718225
huawei nova 15,1717959
oneplus nord ce5,1717334
motorola edge 60,1712750
xiaomi redmi k60,1710757
oneplus open,1704161
huawei nova 15,1702470
xiaomi redmi k60,1700759
xiaomi 13,1699636
realme gt neo 6,1695482
asus zenfone 10,1684922
honor magic 5,1682877
zte nubia red magic 8 proplus,1681314
honor magic 5,1664953
realme p3,1664433
oppo reno 13,1662456
oneplus nord 4,1641745
asus zenfone 9,1640834
oneplus ace 3v,1637833
honor 90 gt,1634078
honor 200,1633920
xiaomi 12s,1627862
huawei pura 90 promax,1617928
google pixel 10 xl,1617706
xiaomi redmi k70e,1617365
xiaomi poco x6,1609335
huawei pura 90,1607132
tecno camon 40 premier,1605546
zte nubia red magic 7s,1601869
realme gt 6t,1601413
huawei mate 80,1589460
google pixel 9 xl,1585585
xiaomi 14t,1584743
huawei mate 70,1549670
samsung galaxy s22,1549060
huawei nova 14,1548677
realme gt5,1547536
motorola edge 30,1542434
huawei mate x3,1530652
google pixel 9,1520638
sony xperia 5 5,1519456
huawei mate 70,1504969
huawei mate 70 proplus,1504969
oneplus nord 3,1504467
google pixel 9,1499601
huawei mate 70,1497741
xiaomi 12t,1494045
realme gt3,1486727
oneplus ace 2,1481118
samsung galaxy s23,1479904
asus rog 6,1478125
samsung galaxy s22,1470636
xiaomi 12s,1470580
oneplus 11r,1470011
google pixel 10,1467600
realme gt neo 5,1466734
honor 90,1463370
asus rog 6d,1453683
huawei pura 80 proplus,1453159
nothing 4a,1452717
xiaomi redmi note 12 turbo,1446990
google pixel 8,1443431
vivo v70,1437195
samsung galaxy s23,1436963
nothing 2,1436722
google pixel 8a,1433693
xiaomi redmi k60,1425621
google pixel 9 fold,1401321
google pixel 10a,1400792
samsung galaxy z flip 4,1399664
huawei pura 80,1395526
oppo reno 15,1394716
realme 16 proplus,1392392
samsung galaxy a57,1390055
zte nubia red magic 7,1384444
motorola edge 70,1384361
motorola razr,1383968
huawei pura 80,1383793
xiaomi poco f5,1383455
oneplus 10t,1380993
samsung galaxy z fold 4,1378803
samsung galaxy s22,1378405
oneplus ace 2v,1374907
motorola edge,1352691
huawei p60,1333248
google pixel 8,1328640
huawei mate 50,1324913
xiaomi 12,1322176
google pixel 9a,1321069
sony xperia 1 4,1320406
oppo reno 15c,1307414
samsung galaxy s22,1303326
xiaomi poco f4 gt,1303229
infinix zero 40,1301107
xiaomi 12,1297778
google pixel 10,1293474
oppo reno 11,1292987
infinix gt 20,1290289
motorola thinkphone,1289763
huawei p60,1288852
realme gt2,1286054
realme gt neo 5,1285461
xiaomi poco f5,1283407
realme p4,1282176
samsung galaxy s22,1281210
samsung galaxy s22,1277041
vivo v60,1261932
huawei pura 90,1248520
samsung galaxy a56,1245065
sony xperia 5 4,1242193
vivo iqoo neo 7,1241266
realme 15,1235431
sony xperia 1 3,1232200
asus rog 5,1227639
vivo v27,1219177
oneplus 10,1217154
vivo iqoo z11x,1214772
vivo t4,1213003
oppo find x5,1210655
google pixel 7,1210495
motorola edge 30 fusion,1208784
vivo v30,1206715
tecno camon 30,1203771
honor magic 4,1200941
samsung galaxy z fold 3,1192547
oneplus 9,1185805
vivo v70,1183301
xiaomi redmi note 12t,1180690
huawei pura 80,1177494
xiaomi 13t,1174898
tecno camon 30 premier,1173835
cubot 5,1160864
motorola razr,1158987
huawei pura 70,1155792
motorola edge 70 fusion,1149292
nothing 4a,1148725
huawei p50,1141829
samsung galaxy s21,1138928
oneplus ace,1138764
huawei pura 70,1136063
oneplus 9,1135878
oppo find x3,1123143
google pixel 7a,1121912
oppo find x5,1119208
vivo v29,1117927
huawei nova 12,1117236
google pixel 7,1113925
xiaomi 12t,1109632
realme 14 proplus,1107631
xiaomi mi 11,1102627
samsung galaxy z flip 3,1102342
xiaomi mi 11,1100336
realme gt neo 3,1098024
realme gt neo 2,1097867
xiaomi 11t,1093350
motorola edge 50,1090709
honor 400,1087371
oneplus 9rt,1081812
xiaomi poco x4 gt,1080106
xiaomi black shark 4,1077688
honor 600,1077092
samsung galaxy s21,1074182
realme p3,1070580
infinix note 60,1067103
nothing 3a,1063102
huawei pura 70,1062256
tecno camon 50,1059715
oneplus nord ce4,1051702
realme gt,1050531
oppo reno 8,1050251
xiaomi mi 10,1049872
nothing 3a,1047843
samsung galaxy s21,1046930
honor 100,1045163
google pixel 6,1044454
vivo t4,1043525
nothing 2a,1037391
huawei nova 15,1033121
vivo iqoo z10,1032527
tecno camon 20,1031881
huawei nova 12,1030315
google pixel 6,1027182
fairphone 6,1027025
infinix gt 10,1026838
vivo v30,1026500
huawei nova 14,1021894
vivo iqoo z9,1019254
xiaomi poco f3,1018480
xiaomi 11t,1017918
motorola edge 70 fusion,1017479
htc u24,1016461
oneplus 10r,1012005
vivo v40,1010711
vivo iqoo z9s,1009695
google pixel 6a,1009083
xiaomi mi 11,1009083
vivo t3,1008828
vivo v50,1008194
xiaomi poco f2,1005131
oneplus 8,1003562
xiaomi poco f4,1002919
xiaomi redmi note 14 proplus,1001783
vivo v27,1000176
tecno camon 50,998952
honor 200,998497
samsung galaxy a55,997728
xiaomi 12x,994972
honor magic 8,994655
honor power,992089
honor 300,991834
xiaomi redmi note 15 proplus,986597
honor x9d,985714
oneplus nord 2,980006
samsung galaxy s20,976177
nothing 2a,974146
sony xperia 1 2,973499
xiaomi poco x3 gt,972810
motorola edge 40,969978
oppo find x2,969485
honor x70,969048
oneplus 8,964589
realme 14,963651
infinix gt 30,963424
realme p3,962463
infinix note 60,961273
samsung galaxy xcover 7,961191
xiaomi redmi note 13 proplus,960142
infinix note 30 vip,959217
realme narzo 80,957695
samsung galaxy m56,956785
oppo reno 12,955824
motorola razr 2026,955007
vivo t3,954273
oppo reno 8,954090
sony xperia 5 2,951811
realme p4,945377
samsung galaxy note 20,943653
realme p4x,941780
tecno camon 20 premier,940822
xiaomi mi 10,940334
realme gt neo 3t,939442
xiaomi mi 10t,937521
tecno pova 7,931014
oppo find x3 neo,929774
realme 13,928788
xiaomi poco m8,927631
xiaomi redmi note 15,927175
motorola moto g86 power,926844
vivo v60,922560
realme 16,919158
samsung galaxy note 20,918508
samsung galaxy a37,917489
lg v60 thinq,916793
xiaomi mi 10t,915617
vivo iqoo z10r,911502
motorola edge 50,910374
realme 15,909849
samsung galaxy s20,909679
tecno camon 40,909460
samsung galaxy z fold 2,909414
oneplus 8t,909310
realme 15 india,909042
oppo reno 12,908569
nothing cmf 2,906120
motorola edge 60,903795
realme 14,903779
samsung galaxy s20,901346
motorola edge 60 fusion,899691
motorola edge 60 neo,899423
tecno pova curve,899286
motorola moto g stylus 2026,894500
huawei p40,891785
infinix note 50s,889668
samsung galaxy s20,888046
huawei p40,887876
motorola edge,887771
motorola razr 60,886677
motorola moto g86,885764
nothing 3a,884207
motorola edge 50 neo,883444
nothing cmf 1,878041
vivo iqoo z10x,877437
motorola razr,877010
oppo k13,876701
honor 90,873573
xiaomi redmi note 15,868311
samsung galaxy s21,867566
oppo reno 15 f,865334
tecno pova 7,864548
google pixel fold,859865
vivo v60e,859863
oneplus 7t,859084
xiaomi redmi note 14,858778
sony xperia 10 7,858495
samsung galaxy s20,854946
motorola edge 60 stylus,848851
realme 13,848531
infinix note 50x,847731
oneplus 7,841922
xiaomi redmi note 15,840643
xiaomi poco x7,840051
oneplus turbo 6v,839363
samsung galaxy a36,835170
realme 13 proplus,833876
huawei nova 13,832125
motorola moto g57 power,831969
motorola moto g stylus,831447
huawei nova 13,829838
xiaomi 13,829085
motorola edge,825910
samsung galaxy note 10,824382
oneplus 9r,823551
xiaomi mi 9t,823541
vivo t4x,821707
nothing 1,820210
samsung galaxy s10,818155
oppo reno 11 f,814173
xiaomi poco x5,813720
xiaomi poco x3,813344
samsung galaxy m55,811120
huawei nova 14,810759
realme 12 proplus,809775
huawei nova 11,808054
xiaomi poco m8,807519
oneplus nord ce3,806420
realme 12,806012
huawei nova 9,804520
huawei enjoy 90 promax,804373
motorola edge 20,804228
oppo reno 10,802497
motorola edge 50 fusion,800596
oneplus nord 2t,796771
motorola moto g96,794638
motorola edge 30,791596
samsung galaxy s10,789294
xiaomi mi 9,786843
vivo v29,783664
xiaomi mi 11,782789
sony xperia 5,782567
samsung galaxy note 10,782303
xiaomi 12,781542
oppo reno 10,780824
xiaomi 11 ne,778810
motorola moto g75,777663
oppo reno 14 f,776077
google pixel 4 xl,775747
honor 600,774370
motorola razr,773565
realme gt master,770422
motorola moto g67 power,769465
infinix note edge,768176
samsung galaxy m35,767597
samsung galaxy a35,766876
samsung galaxy a54,766449
samsung galaxy a26,766295
honor 70,765434
samsung galaxy m54,764114
motorola edge,763420
sony xperia 1,762517
samsung galaxy m52,757404
zte nubia neo 2,757199
realme 12,755232
motorola thinkphone 25,755213
huawei p30,752600
honor 50,751019
realme 9 proplus,750481
samsung galaxy a52s,750066
oppo reno 13 f,749828
samsung galaxy a07,749613
samsung galaxy a73,748598
honor x9c,748392
tecno spark 50,741788
samsung galaxy a34,741627
vivo iqoo z9s,741427
honor magic 7,740889
honor 20,739964
huawei nova 5t,739763
realme 11 proplus,739139
xiaomi redmi note 11 proplus,737926
motorola edge 40 neo,737693
huawei mate 20,736755
fairphone 5,736307
samsung galaxy s10,735376
honor x60,735282
honor 20,734635
vivo t3x,733620
honor magic 6,732630
xiaomi poco x6,731730
huawei nova 14,729973
motorola moto g stylus,727482
samsung galaxy s10e,724233
vivo iqoo z9x,718347
realme 11,716342
motorola moto g stylus,716107
xiaomi redmi note 12 proplus,713820
xiaomi redmi note 13,713372
sony xperia 10 6,712424
huawei nova 11,711128
google pixel 4,709965
xiaomi redmi note 12,709193
realme 10 proplus,705933
honor x9b,705584
zte nubia neo 3 gt,701417
huawei nova flip,698341
vivo v40,697953
samsung galaxy xcover 6,697431
huawei enjoy 90,682743
samsung galaxy m53,680628
motorola moto g56,679213
huawei nova 12,676832
oppo find x5,671241
oppo reno 11,668311
motorola edge,668004
motorola edge,665664
infinix zero,655806
xiaomi redmi a7,646113
motorola moto g85,645848
samsung galaxy note 10,640989
huawei p30,639986
motorola moto g54,639509
zte nubia neo 3,639225
honor x60,638831
xiaomi redmi note 14,638078
honor 400 smart,635093
tecno spark go,633777
motorola moto g55,630805
xiaomi redmi 15,629819
motorola moto g35,626381
motorola moto g54 power,624179
samsung galaxy a53,617754
tecno spark 40 proplus,616665
xiaomi poco m8s,615528
samsung galaxy a25,613818
motorola moto g82,612321
realme 16,612195
motorola moto g84,610255
oppo a98,610141
samsung galaxy m33,609611
realme 10,609431
infinix hot 60,608399
infinix hot 60,607557
samsung galaxy m14,607489
xiaomi poco m7,607219
oneplus nord ce4,607085
motorola moto g power,606370
honor x9a,605759
samsung galaxy a71,603944
samsung galaxy m34,603449
xiaomi poco c85,602813
oppo a6,602421
tecno pova 5,600220
tecno camon 40,600062
samsung galaxy a33,599664
oneplus nord,597974
xiaomi poco x4,597281
tecno camon 30,597247
google pixel 5a,597153
sony xperia 10 4,597110
motorola moto g37,596993
oppo a5,596993
motorola moto g47,596952
oneplus nord n300,596652
xiaomi pocophone f1,595284
xiaomi poco m7,595016
honor 200 smart,594735
infinix hot 60 proplus,594633
samsung galaxy note 9,594285
oppo a80,593292
samsung galaxy a23,593086
motorola edge 30 neo,592489
samsung galaxy a17,592392
tecno spark slim,591552
xiaomi redmi note 15,591254
tecno camon 30,591209
xiaomi poco m6,590569
motorola moto g77,590471
realme narzo 90,588662
motorola moto g power,587946
samsung galaxy s9,587766
sony xperia 10 5,586609
infinix hot 50,586229
infinix hot 50 proplus,585490
tecno spark 20 proplus,585344
motorola moto g 2026,585233
oneplus nord ce 3,583395
tecno spark 20,582427
xiaomi redmi note 11,582398
tecno spark 40,582331
motorola moto g power,581679
xiaomi redmi note 14s,581553
xiaomi redmi note 13,581315
xiaomi poco m6,579518
infinix note 50,579515
tecno pova 7 neo,579396
samsung galaxy f70e,577065
vivo y19,577028
vivo y39,577028
tecno camon 30s,576539
samsung galaxy a16,576249
infinix note 40,576099
infinix note 40 proplus,575082
tecno spark 30,574792
tecno camon 40,572388
samsung galaxy f17,571738
honor x7c,571597
xiaomi redmi note 14,571260
itel rs4,571132
xiaomi poco x5,571027
honor 400,570603
tecno pova 7,570469
xiaomi poco m4,569913
realme 14t,569901
tecno camon 50,569394
vivo v40,569252
google pixel 3 xl,568672
honor magic 5,568391
tecno pova 6 neo,568329
xiaomi poco m5,568193
tecno camon 20,567824
xiaomi poco x6 neo,567662
nokia xr21,567090
tecno pova 6,567008
xiaomi mi 10,566786
infinix hot 40,566559
google pixel 5,566323
realme 9,566021
google pixel 3,564887
google pixel 4a,564247
motorola moto g72,562829
infinix hot 50,562039
vivo y200,561575
xiaomi redmi note 14,561488
motorola moto g62,561482
motorola moto g45,561385
xiaomi redmi 12,560863
infinix hot 50,560612
oneplus nord n30,560348
xiaomi poco m7,558941
realme 9,558331
realme 10,557994
motorola moto g64,557820
xiaomi redmi note 11e,557756
oneplus nord n20,557161
infinix zero 30,557120
xiaomi redmi note 15,556782
xiaomi redmi 15c,556765
nokia g60,556161
xiaomi redmi note 13,556031
xiaomi redmi note 12r,555822
xiaomi poco m5s,554599
tecno pova 5,554245
motorola moto g73,553717
tecno pova 6,552385
honor 200,552130
motorola moto g power 2026,551891
motorola moto g play 2026,551891
huawei p40,551097
infinix note 12,550994
tecno camon 50,550656
infinix note 50,550645
realme narzo 100,550626
motorola moto g87,550018
realme 15t,550018
realme 12,548498
motorola moto g34,547750
nokia x30,546498
infinix note 30,546074
xiaomi redmi 13,545449
infinix note 30,545404
tecno spark 30,542331
realme 8,541222
infinix note 40,541181
motorola one ace,540590
tecno pova 4,540584
samsung galaxy s9,540311
realme 13,540213
realme 15x,540005
realme 8,536149
realme 6,535398
oppo reno 8t,534715
samsung galaxy a07,533945
xiaomi poco m3,533942
samsung galaxy a17,533694
vivo y29,533575
xiaomi redmi note 12,532863
honor 90 smart,532792
samsung galaxy a16,532530
xiaomi poco m6,532506
oppo a6,531619
xiaomi redmi note 12,530828
xiaomi redmi note 10s,530335
samsung galaxy a24,528070
realme 12x,527928
honor 90,527185
realme c85,527116
motorola moto g,526717
xiaomi mi 11,526647
vivo v27e,526251
samsung galaxy m23,525163
honor x8d,522680
realme c85,522460
samsung galaxy a15,522075
motorola moto g,521686
xiaomi redmi note 10,521521
tcl 50,521281
samsung galaxy xcover 7,518777
xiaomi redmi 13c,517265
tecno pova 4,517013
samsung galaxy a06,515958
samsung galaxy a14,515647
samsung galaxy a51,515094
xiaomi redmi note 9,514398
samsung galaxy m16,514353
xiaomi poco x3,513435
nokia g42,513089
xiaomi redmi note 9s,510584
xiaomi redmi note 10,509440
samsung galaxy a52,509095
samsung galaxy a15,507542
xiaomi poco m6,507519
xiaomi redmi 14c,506757
xiaomi mi note 10,506661
realme 11,506601
realme 13,505115
motorola moto g37 power,505018
infinix zero 40,504555
realme 6,502895
vivo iqoo z10,501473
oneplus nord n30,501084
realme 8i,500517
motorola moto g,499266
oneplus nord n10,499040
xiaomi mi 9t,498034
google pixel 4a,495785
nokia xr20,495104
samsung galaxy a22,494363
samsung galaxy s8,493993
xiaomi redmi note 12s,493222
honor 10,492523
xiaomi redmi a4,491371
samsung galaxy a72,490745
xiaomi redmi note 8,490622
tecno camon 19,488283
xiaomi poco m4,486348
motorola moto g,484869
xiaomi poco c85x,484788
xiaomi redmi note 11s,484747
samsung galaxy a71,484163
honor x7c,483206
realme c100,478510
motorola moto g53,477542
samsung galaxy m15,477416
xiaomi redmi note 12,468628
xiaomi redmi note 11,463453
xiaomi redmi note 13,461236
xiaomi poco m7,460680
realme c85,460559
huawei p20,460393
samsung galaxy note 8,460222
oneplus nord n200,456551
tecno pova slim,455458
nokia g310,453516
samsung galaxy a32,452426
honor x8c,449880
vivo y200,448509
samsung galaxy a52,448186
samsung galaxy s8,447464
xiaomi redmi note 10,447401
motorola moto g50,446878
itel s25,443956
samsung galaxy a42,436298
xiaomi mi 9,434173
oppo reno 12 f,431840
motorola moto g32,430185
oppo a96,430045
xiaomi redmi note 11,424370
motorola moto g play,423234
honor x7d,420631
realme c67,419458
samsung galaxy s7,418077
xiaomi mi 9,417439
huawei nova y91,416629
honor x7,416177
xiaomi redmi 10c,415355
samsung galaxy m51,414283
realme 9,413508
huawei nova 13i,412912
samsung galaxy a05s,410766
honor x8,407835
motorola moto g52,402894
xiaomi poco c81,401382
samsung galaxy a70,399285
xiaomi redmi 15,396286
honor x8b,396111
motorola moto g14,388158
realme 9i,385682
honor x7b,385342
realme p3,383402
infinix smart 10,383402
tecno spark go 2,383402
tecno pop 9,383402
samsung galaxy a23,383162
motorola moto g05,381428
xiaomi poco c85,378978
samsung galaxy s7 edge,370918
realme c75,370885
xiaomi poco c65,367941
xiaomi redmi 12,365994
samsung galaxy a13,364707
vivo y18,364688
tecno spark go 3,363747
infinix hot 40,363684
motorola moto g13,363239
xiaomi redmi 12c,362896
xiaomi redmi 10,362198
tecno spark 10,362185
tecno pova 2,362076
xiaomi redmi 15c,361928
xiaomi redmi a5,361487
realme c65,359738
xiaomi redmi 13c,359250
motorola moto g06 power,358608
xiaomi redmi 14c,358383
infinix hot 60i,357879
xiaomi redmi 10,357149
tecno spark 40c,356117
samsung galaxy m21,355351
tecno spark 30c,354460
tecno spark 30,354158
motorola moto g06,353291
samsung galaxy a50,352871
tecno spark go 1,351752
xiaomi poco c81x,350705
motorola moto g17 power,349240
tecno spark 20,349064
xiaomi redmi note 7,347995
infinix smart 10,347293
tecno camon 20,346842
xiaomi redmi 9,346788
xiaomi redmi note 9,346495
realme note 70,346223
realme c35,345058
xiaomi poco c75,344773
realme c71,343932
huawei nova y72,343622
samsung galaxy a05,343045
realme c51,342790
motorola moto g stylus,342782
samsung galaxy a14,341488
xiaomi redmi 13,341126
xiaomi redmi a7,341105
realme note 50,341088
infinix hot 50i,340407
itel p65,340049
samsung galaxy a06,340009
tecno spark go,339966
honor x8a,339004
realme c100,338053
honor 8x,337060
huawei p30,336905
tecno pova 3,336634
motorola moto g23,336576
infinix hot 30i,336429
motorola moto g17,335081
samsung galaxy m07,335081
tecno spark 10c,334300
realme c30,334150
infinix hot 40i,333647
infinix hot 30,331642
infinix smart 8,330006
realme c53,329014
xiaomi poco m6,328854
infinix note 30i,328451
tecno spark 40,328194
samsung galaxy a51,327798
infinix smart 9,327026
xiaomi poco c81,326769
realme c55,326768
samsung galaxy m31,326489
motorola moto g24,325370
honor 10,324696
tecno pova neo 3,323764
xiaomi redmi note 8t,323556
honor 9x,323221
tecno spark 8c,322580
xiaomi poco c71,322517
honor x5d,322427
google pixel 3a,322015
realme note 60,321986
xiaomi poco m3,320666
realme c33,320180
nokia g22,319154
honor x5d,318543
motorola moto g04,317518
samsung galaxy a22,316974
xiaomi redmi 9t,314356
xiaomi redmi note 8,313923
tecno pop 8,307423
tecno camon 19,306873
tcl 50,304588
nokia g21,299307
motorola moto g31,294541
samsung galaxy a03,291706
honor x6c,290520
samsung galaxy a31,290447
honor x6b,285019
samsung galaxy a32,283832
xiaomi redmi note 5,282713
samsung galaxy m32,280002
samsung galaxy a41,277609
samsung galaxy a20e,277187
nokia g11,270819
samsung galaxy a8 2018,268800
motorola moto g7,257242
samsung galaxy m12,255386
xiaomi redmi 7,243691
samsung galaxy a30s,243409
samsung galaxy a30,241600
motorola moto g30,238865
samsung galaxy a04s,234339
samsung galaxy a21s,231817
motorola moto g power,230853
samsung galaxy a13,222612
nokia c32,213752
motorola moto g play,211638
samsung galaxy m13,208638
samsung galaxy a40,208315
motorola g pure,207434
samsung galaxy a20,205752
xiaomi redmi 10a,204115
tcl 501,203105
xiaomi redmi 9c,200794
motorola moto g22,199612
samsung galaxy a04e,199111
samsung galaxy a10,197260
nokia g20,196219
tecno spark 10,195561
tecno spark 20c,195539
honor x7a,194025
samsung galaxy a03s,193935
xiaomi redmi 8,193105
oppo a54,191639
xiaomi poco c61,187715
samsung galaxy a01,186283
samsung galaxy a12,182076
infinix smart 8,181979
infinix hot 30 play,179682
samsung galaxy a04,179480
tcl 505,177574
samsung galaxy a11,176306
samsung galaxy a02,176264
honor 8a,174582
samsung galaxy a20s,173104
samsung galaxy a02s,166636
xiaomi redmi a2,166119
xiaomi redmi a3,164708
xiaomi redmi 9a,163723
xiaomi redmi 7a,154698
samsung galaxy a03 core,153667
samsung galaxy a10s,144287
