Chipset,Antutu_11,Clock,GPU
Snapdragon 8 Elite Gen 5,3932243,4610 MHz,Adreno 840
A19 Pro,2606807,4260 MHz,Apple A19 Pro GPU
Dimensity 9500,3508681,4210 MHz,Mali-G1 Ultra MP12
Exynos 2600,3145925,3800 MHz,Samsung Xclipse 960
Snapdragon 8 Elite (Gen 4),3336910,4320 MHz,Adreno 830
Apple A19,2239708,4260 MHz,Apple A19 GPU
Dimensity 9500s,3041307,3730 MHz,Mali-G925  MP12
Dimensity 9400 Plus,2874956,3730 MHz,Mali-G925  MP12
Dimensity 9400,2825187,3620 MHz,Mali-G925  MP12
Snapdragon 8 Gen 5,3082388,3800 MHz,Adreno 829
Xring O1,2998904,3900 MHz,Mali-G925  MP16
Apple A18,1918031,4050 MHz,Apple A18 GPU
Exynos 2500,2420011,3300 MHz,Samsung Xclipse 950
A18 Pro,1808835,4050 MHz,Apple A18 Pro GPU
Dimensity 9300,2415558,3250 MHz,Mali-G720  MP12
Dimensity 9400e,2474831,3400 MHz,Mali-G720  MP12
Dimensity 9300 Plus,2347116,3400 MHz,Mali-G720  MP12
Snapdragon 8 Gen 3,2341391,3300 MHz,Adreno 750
A17 Pro,1503813,3780 MHz,Apple A17 GPU
Snapdragon 8s Gen 4,2301396,3210 MHz,Adreno 825
A16 Bionic,1633145,3460 MHz,Apple A16 GPU
Exynos 2400,2037320,3210 MHz,Samsung Xclipse 940
Exynos 2400e,1971406,3110 MHz,Samsung Xclipse 940
Dimensity 8500,2153969,3400 MHz,Mali-G720 MP8
Dimensity 8450,2016572,3250 MHz,Mali-G720 MP7
A15 Bionic,1413275,3230 MHz,Apple A15 GPU
Dimensity 8400,1934134,3250 MHz,Mali-G720 MP7
Dimensity 9200 Plus,1798756,3350 MHz,Mali-G715  MP11
Snapdragon 8 Gen 2,1752044,3200 MHz,Adreno 740
Dimensity 9200,1755232,3050 MHz,Mali-G715  MP11
Snapdragon 8s Gen 3,1795718,3000 MHz,Adreno 735
Snapdragon 7 Plus Gen 3,1647728,2800 MHz,Adreno 732
A14 Bionic,1337390,3100 MHz,Apple A14 GPU
Kirin 9030 Pro,2101808,2750 MHz,Maleoon 935
Dimensity 8350,1718082,3350 MHz,Mali-G615 MP6
Tensor G5,1467600,3780 MHz,PowerVR DXT-48-1536
Tensor G4,1499601,3100 MHz,Mali-G715 MP7
Dimensity 9000 Plus,1453683,3200 MHz,Mali-G710 MP10
Dimensity 8300,1609292,3350 MHz,Mali-G615 MP6
Snapdragon 8 Plus Gen 1,1411891,3200 MHz,Adreno 730
Tensor G3,1414384,2910 MHz,Mali-G715 MP7
Exynos 2200,1470636,2800 MHz,Samsung Xclipse 920
Dimensity 9000,1409448,3050 MHz,Mali-G710 MP10
A13 Bionic,1091336,2650 MHz,Apple A13 GPU
Exynos 1680,1390055,2900 MHz,Samsung Xclipse 550
Snapdragon 8 Gen 1,1294632,3000 MHz,Adreno 730
Snapdragon 7 Plus Gen 2,1285461,2910 MHz,Adreno 725
Snapdragon 888 Plus,1208784,2995 MHz,Adreno 660
Kirin 9030S,1607132,3000 MHz,Maleoon 935F
Exynos 1580,1243000,2900 MHz,Samsung Xclipse 540
Snapdragon 7 Gen 4,1261959,2800 MHz,Adreno 722
Dimensity 8200,1206715,3100 MHz,Mali-G610 MP6
Tensor G2,1158921,2850 MHz,Mali-G710 MP7
Kirin 9020,1383793,2500 MHz,Maleoon 920
Google Tensor,1019946,2800 MHz,Mali-G78 MP20
Snapdragon 888,1118041,2840 MHz,Adreno 660
Kirin 9000,1079281,3130 MHz,Mali-G78 MP24
Kirin 9010,1155792,2300 MHz,Maleoon 910
Dimensity 8100,1085324,2850 MHz,Mali-G610 MP6
Exynos 2100,1042710,2900 MHz,Mali-G78 MP14
A12 Bionic,895627,2490 MHz,Apple A12 GPU
Snapdragon 7s Gen 4,986597,2700 MHz,Adreno 810
Dimensity 8000,1080933,2750 MHz,-
Snapdragon 870,1005598,3200 MHz,Adreno 650
Snapdragon 6 Gen 5,1073789,2600 MHz,-
Snapdragon 7s Gen 3,1038717,2500 MHz,Adreno 810
Snapdragon 7 Gen 3,1020938,2630 MHz,Adreno 720
Snapdragon 865 Plus,909414,3100 MHz,Adreno 650
Kirin 8020,1021894,2285 MHz,Maleoon 920
Dimensity 7350,1037391,3000 MHz,-
Exynos 1480,997728,2750 MHz,Samsung Xclipse 530
Dimensity 8050,1028453,3000 MHz,Mali-G77 MP9
Dimensity 8020,969978,2600 MHz,Mali-G77 MP9
Snapdragon 865,964589,2840 MHz,Adreno 650
Snapdragon 6 Gen 4,963651,2300 MHz,Adreno 810
Dimensity 7200 Ultra,960142,2800 MHz,-
Kirin 9000S,1062256,2620 MHz,Maleoon 910
Dimensity 7200,971424,2800 MHz,-
Dimensity 1300,954090,3000 MHz,Mali-G77 MP9
Dimensity 1100,972810,2600 MHz,Mali-G77 MP9
Dimensity 1200,980006,3000 MHz,Mali-G77 MP9
Exynos 990,901199,2730 MHz,Mali-G77 MP11
Dimensity 7400,929183,2600 MHz,Mali-G615 MP2
Snapdragon 6 Gen 3,833548,2400 MHz,Adreno 710
Snapdragon 7 Gen 1,829085,2400 MHz,Adreno 644
Snapdragon 778G Plus,800145,2500 MHz,Adreno 642
Dimensity 1000 Plus,708890,2600 MHz,Mali-G77 MP9
Kirin 990 (5G),887876,2860 MHz,Mali-G76 MP16
Snapdragon 855 Plus,859084,2960 MHz,Adreno 640
Dimensity 7360,922560,2500 MHz,Mali-G615 MP2
Snapdragon 6s Gen 4,831969,2400 MHz,Adreno 710
Dimensity 7300,877329,2500 MHz,Mali-G615 MP2
Snapdragon 7s Gen 2,794701,2400 MHz,Adreno 710
Snapdragon 782G,806420,2700 MHz,Adreno 642
Snapdragon 778G,780000,2400 MHz,Adreno 642
Snapdragon 780G,782789,2400 MHz,Adreno 642
Snapdragon 860,813344,2960 MHz,Adreno 640
Snapdragon 855,820253,2840 MHz,Adreno 640
Kirin 8000,829838,2400 MHz,-
Dimensity 7030,737693,2500 MHz,Mali-G610 MP3
Dimensity 1080,722902,2600 MHz,Mali-G68 MP4
Exynos 9825,798922,2730 MHz,Mali-G76 MP12
A11 Bionic,626912,2390 MHz,Apple A11 GPU
Dimensity 7100,768176,2400 MHz,Mali-G610 MP2
Snapdragon 6 Gen 1,733620,2200 MHz,Adreno 710
Dimensity 7050,802497,2600 MHz,Mali-G68 MP4
Exynos 1380,765609,2400 MHz,Mali-G68 MP5
Dimensity 920,750481,2500 MHz,Mali-G68 MP4
Snapdragon 4 Gen 4,600942,2300 MHz,Adreno 613
Dimensity 7060,679213,2600 MHz,IMG BXM-8-256
Dimensity 1050,668004,2500 MHz,-
Dimensity 930,593307,2200 MHz,IMG BXM-8-256
Dimensity 900,671241,2400 MHz,Mali-G68 MP4
Exynos 9820,744321,2730 MHz,Mali-G76 MP12
Kirin 980,739763,2600 MHz,Mali-G76 MP10
Snapdragon 4 Gen 5,652054,2400 MHz,-
Kirin 8000A,682743,2200 MHz,-
Snapdragon 6s Gen 3,623235,2300 MHz,Adreno 619
Dimensity 7025,557820,2500 MHz,IMG BXM-8-256
Dimensity 7020,639509,2200 MHz,IMG BXM-8-256
Snapdragon 4 Gen 2,572954,2200 MHz,Adreno 613
Snapdragon 6s 4G Gen 2,690382,2900 MHz,Adreno 610
Unisoc T9100,701417,2700 MHz,Mali-G57 MP4
Unisoc T820,757199,2700 MHz,Mali-G57 MP4
Snapdragon 695,592489,2200 MHz,Adreno 619
Dimensity 820,609659,2600 MHz,Mali-G57 MP5
Kirin 820,602614,2360 MHz,Mali-G57 MP6
Unisoc T8300,639225,2200 MHz,Mali-G57 MP2
Dimensity 6400,550018,2500 MHz,Mali-G57 MP2
Exynos 1330,592392,2400 MHz,Mali-G68 MP2
Snapdragon 4 Gen 1,521686,2000 MHz,Adreno 619
Exynos 1280,605067,2400 MHz,Mali-G68 MP4
Snapdragon 765G,597153,2400 MHz,Adreno 620
Kirin 810,551097,2270 MHz,-
Helio G200,601391,2200 MHz,Mali-G57 MP2
Helio G100,570469,2200 MHz,Mali-G57 MP2
Snapdragon 4s Gen 2,506757,2000 MHz,Adreno 611
Unisoc T760,626381,2200 MHz,Mali-G57 MP4
Dimensity 6300,532738,2400 MHz,Mali-G57 MP2
Dimensity 6100 Plus,513180,2200 MHz,Mali-G57 MP2
Dimensity 6080,581315,2400 MHz,Mali-G57 MP2
Dimensity 6020,527185,2200 MHz,Mali-G57 MP2
Helio G99,547830,2200 MHz,Mali-G57 MP2
Dimensity 810,569913,2400 MHz,Mali-G57 MP2
Snapdragon 750G,525163,2200 MHz,Adreno 619
Snapdragon 732G,517306,2300 MHz,Adreno 618
Dimensity 800U,551706,2400 MHz,Mali-G57 MP3
Dimensity 800,612841,2000 MHz,Mali-G57 MP4
Exynos 980,603944,2200 MHz,Mali-G76 MP5
Snapdragon 480 Plus,477542,2200 MHz,Adreno 619
Dimensity 700,515647,2200 MHz,Mali-G57 MP2
Snapdragon 690,499040,2000 MHz,Adreno 619
Snapdragon 720G,514122,2300 MHz,Adreno 618
Exynos 9810,583267,2900 MHz,Mali-G72 MP18
Snapdragon 845,570119,2800 MHz,Adreno 630
Snapdragon 480,456551,2000 MHz,Adreno 619
Dimensity 720,452426,2000 MHz,Mali-G57 MP3
Snapdragon 730G,506661,2200 MHz,Adreno 618
Snapdragon 730,494401,2200 MHz,Adreno 618
Snapdragon 685,461236,2800 MHz,Adreno 610
Snapdragon 680,415362,2400 MHz,Adreno 610
Helio G96,493222,2050 MHz,Mali-G57 MP2
Snapdragon 678,447401,2200 MHz,Adreno 612
Helio G95,534895,2050 MHz,Mali-G76 MP4
Helio G90,469000,2050 MHz,Mali-G76 MP4
Helio G90T,495638,2050 MHz,Mali-G76 MP4
A10 Fusion,516981,2340 MHz,PowerVR GT7600
Snapdragon 675,412926,2000 MHz,Adreno 612
Helio P95,380202,2200 MHz,PowerVR GM9446
Snapdragon 712,434173,2300 MHz,Adreno 616
Kirin 970,470805,2360 MHz,Mali-G72 MP12
Snapdragon 835,438016,2450 MHz,Adreno 540
Tiger T620,443956,2200 MHz,Mali-G57 MP1
Helio G91,354158,2000 MHz,Mali-G52 MP2
Snapdragon 710,417439,2200 MHz,Adreno 616
Helio G92 Max,370885,2000 MHz,Mali-G52 MP2
Tiger T615,351752,1800 MHz,Mali-G57 MP1
Helio G81,357879,2000 MHz,Mali-G52 MP2
Tiger T612,341088,1800 MHz,Mali-G57 MP1
Tiger T616,388158,2000 MHz,Mali-G57 MP1
Helio G88,353817,2000 MHz,Mali-G52 MP2
Tiger T618,364048,2000 MHz,Mali-G52 MP2
Helio G85,349222,2000 MHz,Mali-G52 MP2
Snapdragon 662,320666,2000 MHz,Adreno 610
Helio G80,310388,2000 MHz,Mali-G52 MP2
Helio G70,317084,2000 MHz,Mali-G52 MP2
Apple A9,419670,1850 MHz,PowerVR GT7600
Snapdragon 665,323556,2000 MHz,Adreno 610
Snapdragon 670,322015,2000 MHz,Adreno 615
Helio P90,388553,2200 MHz,PowerVR GM9446
Exynos 8895,447464,2314 MHz,Mali-G71 MP20
Unisoc T606,330006,1600 MHz,Mali-G57 MP1
Tiger T610,320967,1820 MHz,Mali-G52 MP2
Tiger T700,332816,1820 MHz,Mali-G52 MP2
Exynos 850,231906,2000 MHz,Mali-G52 MP1
Snapdragon 460,251428,1800 MHz,Adreno 610
Kirin 710F,323894,2200 MHz,Mali-G51 MP4
Helio P65,290447,2000 MHz,Mali-G52 MP2
Exynos 9611,355351,2300 MHz,Mali-G72 MP3
Kirin 710A,343622,2000 MHz,Mali-G51 MP4
Helio G35,200794,2300 MHz,PowerVR GE8320
Helio P70,303398,2100 MHz,Mali-G72 MP3
Kirin 710,336905,2200 MHz,Mali-G51 MP4
Exynos 9610,352871,2300 MHz,Mali-G72 MP3
Helio G50,184328,2200 MHz,PowerVR GE8320
Helio G36,195539,2200 MHz,PowerVR GE8320
Helio G37,194025,2300 MHz,PowerVR GE8320
Helio P60,232802,2000 MHz,Mali-G72 MP3
Snapdragon 821,312361,2342 MHz,Adreno 530
Snapdragon 660,347995,2200 MHz,Adreno 512
Helio P35,199111,2300 MHz,PowerVR GE8320
Kirin 960,366515,2360 MHz,Mali-G71 MP8
Exynos 8890,418077,2300 MHz,Mali-T880 MP12
Helio G25,163723,2000 MHz,PowerVR GE8320
Snapdragon 439,193115,2000 MHz,Adreno 505
Helio P22,156818,2000 MHz,PowerVR GE8320
Snapdragon 820,333877,2150 MHz,Adreno 530
Exynos 7904,241600,1800 MHz,Mali-G71 MP2
Snapdragon 636,282713,1800 MHz,Adreno 509
Snapdragon 632,243691,1800 MHz,Adreno 506
Exynos 7884B,205752,1560 MHz,Mali-G71 MP2
Exynos 7885,268800,2200 MHz,Mali-G71 MP2
Snapdragon 630,215323,2200 MHz,Adreno 508
Snapdragon 450,176718,1800 MHz,Adreno 506
Helio A22,155362,2000 MHz,PowerVR GE8300
Snapdragon 625,218879,2000 MHz,Adreno 506
Exynos 7870,192269,1600 MHz,Mali-T830 MP1
Unisoc SC9863A,153667,1600 MHz,PowerVR GE8322
Snapdragon 430,180440,1400 MHz,Adreno 505
Snapdragon 801,159133,2500 MHz,Adreno 330
Snapdragon 435,150628,1400 MHz,Adreno 505
Snapdragon 425,180934,1400 MHz,Adreno 308
MediaTek MT6737,73398,1300 MHz,Mali-T720 MP2
