,name,price
0,Samsung Galaxy S26 Ultra 12GB 256GB,29.490.000đ
1,Samsung Galaxy A57 5G 8GB 128GB,11.260.000đ
2,Nubia Neo 5 GT 8GB 256GB,8.990.000đ
3,Xiaomi Redmi Note 14 Pro Plus 5G 8GB 256GB,7.990.000đ
4,HONOR 400 Pro 5G 12GB 512GB,15.490.000đ
5,Xiaomi POCO F8 Pro 5G 12GB 256GB,13.990.000đ
6,Nothing Phone 2A Plus 5G 12GB 256GB,7.990.000đ
7,Nubia Neo 5 GT 12GB 256GB,9.990.000đ
8,Samsung Galaxy A37 5G 8GB 128GB,9.990.000đ
9,Xiaomi 15 5G 12GB 512GB,19.290.000đ
10,Samsung Galaxy S25 Plus 256GB,20.690.000đ
11,Xiaomi 15 Ultra 5G 16GB 1TB,28.490.000đ
12,Tecno Pova 7 8GB 128GB,4.490.000đ
13,POCO X8 Pro Max 12GB 512GB,15.290.000đ
14,TECNO Spark Go 3 4GB 64GB,3.390.000đ
15,HONOR X6c 6GB 128GB,4.040.000đ
16,HONOR 400 5G 12GB 512GB,12.990.000đ
17,OPPO Find X9s 12GB 256GB,24.990.000đ
18,iPhone 17 Pro 256GB | Chính hãng,34.590.000đ
19,iPhone 17 Pro Max 256GB | Chính hãng,36.990.000đ
20,Samsung Galaxy S26 Ultra 12GB 256GB,29.490.000đ
21,iPhone 17 256GB | Chính hãng,24.390.000đ
22,Samsung Galaxy S25 Ultra 12GB 256GB,25.990.000đ
23,Samsung Galaxy S26 12GB 256GB,20.490.000đ
24,OPPO Reno15 F 5G 8GB 256GB,11.490.000đ
25,Điện thoại Itel P55 Plus NFC 8GB 256GB,2.990.000đ
26,Xiaomi 17 Ultra 5G 16GB 512GB,31.470.000đ
27,Samsung Galaxy Z Flip7 12GB 256GB,22.990.000đ
28,iPhone Air 256GB | Chính hãng,22.890.000đ
29,iPhone 15 128GB | Chính hãng VN/A,17.890.000đ
30,Nubia Neo 5 5G 8GB 128GB,6.990.000đ
31,Samsung Galaxy A57 5G 8GB 128GB,11.260.000đ
32,Điện thoại iPhone 16 Pro Max 256GB,30.990.000đ
33,Samsung Galaxy A17 5G 8GB 128GB,5.590.000đ
34,iPhone 17e 256GB | Chính hãng,17.490.000đ
35,Nubia Neo 5 GT 8GB 256GB,8.990.000đ
36,Xiaomi Redmi Note 14 Pro Plus 5G 8GB 256GB,7.990.000đ
37,Samsung Galaxy A07 4GB 128GB,3.190.000đ
38,iPhone 16 Pro Max 512GB | Chính hãng VN/A,37.990.000đ
39,HONOR X9d 5G 12GB 256GB,10.490.000đ
40,Điện thoại Meizu Mblu Note 21 Pro NFC 8GB 256GB,3.990.000đ
41,OPPO Find N6 16GB 512GB,63.990.000đ
42,Samsung Galaxy Z Fold7 12GB 256GB,40.990.000đ
43,Xiaomi Redmi Note 15 6GB 128GB,5.390.000đ
44,OPPO Reno15 5G 12GB 256GB,16.490.000đ
45,Samsung Galaxy A56 5G 8GB 128GB,9.190.000đ
46,HONOR X7d 8GB 256GB,6.190.000đ
47,Nubia V80 Design 8GB 128GB,3.990.000đ
48,OPPO Find X9 Ultra 12GB 512GB,49.990.000đ
49,iPhone 17 Pro Max 512GB | Chính hãng,43.790.000đ
50,iPhone 16 Pro 128GB | Chính hãng VN/A,24.490.000đ
51,Xiaomi 15T 5G 12GB 512GB,12.990.000đ
52,POCO X8 Pro Max 12GB 256GB,14.290.000đ
53,HONOR 400 Pro 5G 12GB 512GB,15.490.000đ
54,iPhone 16 128GB | Chính hãng VN/A,20.590.000đ
55,TECNO CAMON 40 8GB 128GB,4.990.000đ
56,ZTE Nubia Z60S Pro 16GB 512GB,10.990.000đ
57,Xiaomi POCO X7 Pro 5G 12GB 256GB,8.790.000đ
58,iPhone 14 Pro Max 128GB | Chính hãng VN/A,25.590.000đ
59,iPhone 14 128GB  | Chính hãng VN/A,13.990.000đ
60,Nubia V80 Max 8GB 256GB,3.890.000đ
61,iPhone 16e 128GB | Chính hãng VN/A,12.990.000đ
62,iPhone 13 128GB | Chính hãng VN/A,11.990.000đ
63,iPhone 15 256GB | Chính hãng VN/A,20.790.000đ
64,Samsung Galaxy S25 FE 8GB 128GB,12.560.000đ
65,Nubia Neo 3 4G 8GB 128GB,4.790.000đ
66,iPhone 16 Pro 256GB | Chính hãng VN/A,27.990.000đ
67,Nubia Neo 3 GT 12GB 256GB,7.490.000đ
68,Điện thoại Meizu Mblu 22 Pro NFC 6GB 256GB,2.990.000đ
69,Samsung Galaxy A26 5G 8GB 128GB,6.690.000đ
70,Samsung Galaxy S24 Plus 12GB 256GB,16.090.000đ
71,iPhone 17 Pro Max 1TB | Chính hãng,50.090.000đ
72,OPPO Find X8 16GB 512GB,19.490.000đ
73,iPhone 17 Pro 512GB | Chính hãng,40.990.000đ
74,Xiaomi Redmi Note 14 5G 8GB 256GB,6.490.000đ
75,Xiaomi Redmi Note 14 6GB 128GB,4.390.000đ
76,iPhone 17 Pro Max 2TB | Chính hãng,61.990.000đ
77,OPPO Reno10 Pro+ 5G 12GB 256GB,10.490.000đ
78,Xiaomi POCO F8 Pro 5G 12GB 256GB,13.990.000đ
79,Điện thoại Nubia Z70S Ultra 5G 12GB 256GB,19.990.000đ
80,Xiaomi Redmi Note 15 Pro 12GB 256GB,9.590.000đ
81,iPhone 17 512GB | Chính hãng,30.590.000đ
82,OPPO Find X9 Pro 16GB 512GB,31.990.000đ
83,Samsung Galaxy A36 5G 8GB 128GB,7.490.000đ
84,Samsung Galaxy A06 5G 4GB 128GB,2.790.000đ
85,iPhone 16 Plus 128GB | Chính hãng VN/A,24.290.000đ
86,iPhone 17 Pro 1TB | Chính hãng,46.290.000đ
87,iPhone 15 Plus 128GB | Chính hãng VN/A,17.690.000đ
88,OPPO A6 Pro 8GB 256GB,8.990.000đ
89,TECNO Spark 40 Pro+ 8GB 256GB,4.890.000đ
90,Xiaomi Redmi Note 15 Pro 5G 12GB 256GB,10.990.000đ
91,iPhone 16e 256GB | Chính hãng VN/A,15.490.000đ
92,Nothing Phone 2A Plus 5G 12GB 256GB,7.990.000đ
93,iPhone 16 Plus 256GB | Chính hãng VN/A,27.690.000đ
94,Samsung Galaxy S26 Ultra 12GB 512GB,37.490.000đ
95,Samsung Galaxy S25 256GB,17.690.000đ
96,Samsung Galaxy S24 Ultra 12GB 256GB,25.290.000đ
97,Nubia Neo 5 GT 12GB 256GB,9.990.000đ
98,Samsung Galaxy A37 5G 8GB 128GB,9.990.000đ
99,Xiaomi 15 5G 12GB 256GB,18.490.000đ
100,Xiaomi Redmi 15 5G 8GB 256GB,6.090.000đ
101,Xiaomi 15 Ultra 5G 16GB 512GB,26.490.000đ
102,HONOR Magic V5 16GB 512GB,38.990.000đ
103,Xiaomi Redmi Note 15 5G 6GB 128GB,6.690.000đ
104,OPPO Find N5 16GB 512GB,44.180.000đ
105,iPhone 16 Pro Max 1TB | Chính hãng VN/A,42.990.000đ
106,Nubia Neo 5 5G 8GB 256GB,7.990.000đ
107,Xiaomi 15 5G 12GB 512GB,19.290.000đ
108,Samsung Galaxy A17 8GB 128GB,4.890.000đ
109,OPPO Find X9 16GB 512GB,25.990.000đ
110,Samsung Galaxy S25 Plus 256GB,20.690.000đ
111,Xiaomi Redmi 15C 8GB 256GB NFC,4.890.000đ
112,OPPO Reno12 5G 12GB 256GB,8.990.000đ
113,iPhone 15 Pro 256GB | Chính hãng VN/A,27.490.000đ
114,Xiaomi 15 Ultra 5G 16GB 1TB,28.490.000đ
115,Sony Xperia 1 VII 12GB 256GB,24.500.000đ
116,Samsung Galaxy S25 Ultra 512GB,30.690.000đ
117,Meizu Lucky 08 5G 12GB 256GB,5.490.000đ
118,Tecno Pova 7 8GB 128GB,4.490.000đ
119,iPhone 13 256GB | Chính hãng VN/A,14.990.000đ
120,Điện thoại Meizu Mblu 22 3GB 64GB,2.290.000đ
121,Samsung Galaxy S26 Ultra 16GB 1TB,41.990.000đ
122,Điện thoại Nubia Z70 Ultra 5G 12GB 256GB,16.990.000đ
123,OPPO Reno14 5G 12GB 256GB,15.500.000đ
124,iPhone 17e 512GB | Chính hãng,23.690.000đ
125,HONOR 400 5G 12GB 256GB,12.250.000đ
126,HONOR X8d 8GB 128GB,7.490.000đ
127,iPhone Air 512GB | Chính hãng,28.990.000đ
128,iPhone 13 Pro Max 128GB | Chính hãng VN/A,22.990.000đ
129,Xiaomi Redmi 15C 4GB 128GB NFC,4.190.000đ
130,POCO X8 Pro Max 12GB 512GB,15.290.000đ
131,Sony Xperia 10 VII 8GB 128GB,10.500.000đ
132,Samsung Galaxy A07 5G 4GB 128GB,4.590.000đ
133,Samsung Galaxy Z Fold 6 12GB 256GB,29.990.000đ
134,iPhone 11 64GB | Chính hãng VN/A,7.490.000đ
135,Samsung Galaxy S26 Plus 12GB 256GB,24.490.000đ
136,OPPO A58 8GB 128GB,4.500.000đ
137,Samsung Galaxy S25 FE 8GB 512GB,16.790.000đ
138,Xiaomi 17 Ultra 5G 16GB 1TB,34.440.000đ
139,OPPO A6 Pro 8GB 128GB,7.990.000đ
140,HONOR X9d 5G 12GB 512GB,12.190.000đ
141,Xiaomi Redmi A7 Pro 4GB 128GB,4.090.000đ
142,OPPO Find N3 16GB 512GB,26.990.000đ
143,Samsung Galaxy A07 8GB 256GB,4.490.000đ
144,Xiaomi POCO X7 5G 12GB 512GB,7.990.000đ
145,TECNO Spark Go 3 4GB 64GB,3.390.000đ
146,Huawei Mate X7 16GB 512GB,42.990.000đ
147,OPPO A5i Pro 8GB 128GB,5.990.000đ
148,OPPO Find X5 Pro 5G 12GB 256GB,12.990.000đ
149,OPPO A6t 6GB 256GB,7.190.000đ
150,Samsung Galaxy S26 Plus 12GB 512GB,30.490.000đ
151,Samsung Galaxy S24 8GB 512GB,17.190.000đ
152,Samsung Galaxy Z Fold7 12GB 512GB,43.290.000đ
153,OPPO A79 5G 8GB 256GB,7.060.000đ
154,OPPO A3 8GB 256GB,5.780.000đ
155,Nothing Phone 3A 8GB 128GB,8.790.000đ
156,Nubia Neo 2 5G,4.290.000đ
157,TECNO CAMON 40 Pro 8GB 256GB,5.590.000đ
158,OPPO Reno10 5G 8GB 256GB,8.490.000đ
159,OPPO A6t 4GB 128GB,5.190.000đ
160,Nubia V70 Design 8GB 128GB,2.790.000đ
161,TECNO SPARK 30 Pro 8GB 256GB Transformer,3.990.000đ
162,Nothing Phone 2A 5G 8GB 128GB,7.190.000đ
163,OPPO A3 6GB 128GB,4.500.000đ
164,iPhone 13 Pro Max 256GB | Chính hãng VN/A,23.990.000đ
165,Samsung Galaxy S26 12GB 512GB,26.490.000đ
166,Samsung Galaxy S25 Plus 512GB,25.490.000đ
167,Nubia Air 5G 8GB 256GB,5.490.000đ
168,OPPO A3X 6GB 128GB,4.210.000đ
169,OPPO A6t 4GB 64GB,4.490.000đ
170,Điện thoại Meizu Mblu 21 6GB 128GB,2.690.000đ
171,HONOR X7d 5G 8GB 256GB,7.190.000đ
172,HONOR X6c 6GB 128GB,4.040.000đ
173,HONOR 400 5G 12GB 512GB,12.990.000đ
174,Nothing Phone 2A 5G 12GB 256GB,8.490.000đ
175,Samsung Galaxy S25 Edge 5G 12GB 256GB,21.490.000đ
176,TECNO Spark Go 2 4GB 64GB,2.490.000đ
177,Itel RS4 8GB 128GB NFC,2.990.000đ
178,Điện thoại Meizu Mblu 22 Pro NFC 4GB 128GB,2.690.000đ
179,HONOR 400 Lite 5G 12GB 256GB,8.130.000đ
180,Nubia V70 Max 6GB 128GB,2.590.000đ
181,Samsung Galaxy Z Flip7 12GB 512GB,27.990.000đ
182,TECNO CAMON 40 8GB 256GB,5.290.000đ
183,TECNO CAMON 30 8GB 256GB,4.590.000đ
184,Nubia V80 Design 4GB 128GB,3.490.000đ
185,Nokia 220 4G,980.000đ
186,Nokia HMD 105 4G,690.000đ
187,HONOR X7d 8GB 128GB,5.890.000đ
188,Honor X5c Plus 4GB 64GB,3.190.000đ
189,Điện thoại trẻ em Masstel Alfa 5,1.050.000đ
190,Nubia V60 Design 6GB 256GB,2.690.000đ
191,HONOR Play 10 4GB 128GB,2.580.000đ
192,Nubia V80 Max 8GB 128GB,3.890.000đ
193,Nokia 105 4G Pro,750.000đ
194,vivo Y28 8GB 256GB,6.490.000đ
195,Honor X5c Plus 4GB 128GB,3.490.000đ
196,Masstel Fami 8 4G,580.000đ
197,Viettel T2 4G,530.000đ
198,Masstel Izi 15 4G,420.000đ
199,vivo Y16 4GB 128GB,4.490.000đ
200,Benco S1 Pro 8GB 256GB,3.590.000đ
201,Nokia 110 4G Pro,820.000đ
202,Masstel izi T5 plus 4G,530.000đ
203,OPPO Reno8 5G (8GB 256GB),13.990.000đ
204,Masstel izi T8,530.000đ
205,Masstel izi  22,470.000đ
206,Masstel Fami 25,650.000đ
207,Masstel Izi S8,485.000đ
208,iPhone 12 Pro Max 128GB I Chính hãng VN/A,23.490.000đ
209,TECNO SPARK 30 5G 6GB 128GB,3.290.000đ
210,Samsung Galaxy S23 Ultra 256GB,19.490.000đ
211,iPhone 15 Pro Max 1TB | Chính hãng VN/A,31.990.000đ
212,Samsung Galaxy A16 5G 8GB 128GB,4.990.000đ
213,iPhone 14 Plus 128GB | Chính hãng VN/A,15.990.000đ
214,Samsung Galaxy Note 10+ (Plus),26.990.000đ
215,Samsung Galaxy S20,21.490.000đ
216,TECNO Spark 40 8GB 256GB,3.590.000đ
217,Samsung Galaxy S23 Ultra 12GB 512GB,22.290.000đ
218,Samsung Galaxy Z Flip6 12GB 256GB,19.990.000đ
219,Samsung Galaxy Note 10,13.800.000đ
220,TECNO CAMON 30S 8GB 256GB,4.090.000đ
221,Samsung Galaxy S22 Ultra 8GB 128GB,30.990.000đ
222,Itel P55 Plus 8GB 128GB,2.590.000đ
223,OPPO A58 4G 6GB 128GB,4.090.000đ
224,Nubia RedMagic 8S Pro 5G 12GB 256GB,18.990.000đ
225,realme 13+ 5G 8GB 256GB,6.590.000đ
226,HONOR X7c 8GB 256GB,4.300.000đ
227,Samsung Galaxy Note 20 Ultra 5G 256GB,32.990.000đ
228,Samsung Galaxy Note 20,23.990.000đ
229,Samsung Galaxy S20 FE 256GB,7.200.000đ
230,ZTE Nubia Z60S Pro 12GB 256GB,9.990.000đ
231,ASUS ROG Phone 6 12GB 256GB,14.490.000đ
232,OPPO A18 4GB 64GB,2.890.000đ
233,Nubia V70 Max 4GB 128GB,2.390.000đ
234,ZTE Blade V50 Design 8GB 128GB,2.790.000đ
235,Điện thoại Nubia A56 4GB 128GB,2.190.000đ
236,Samsung Galaxy A72,11.490.000đ
237,Samsung Galaxy A54 8GB 256GB,7.890.000đ
238,Điện thoại Nubia A36 4GB 64GB,2.490.000đ
239,HONOR X5b 4GB 64GB,2.160.000đ
240,TECNO SPARK 30C 4GB 128GB,2.190.000đ
241,Xiaomi 14 Pro,
242,Samsung Galaxy A21s 6GB,4.690.000đ
243,Samsung Galaxy A06s,
244,Masstel izi T2 4G,500.000đ
245,Tecno Spark 7,
246,Xperia 10 V,
247,Xiaomi 14 Lite,
248,Samsung Galaxy A15 5G,
249,OPPO Reno13F 5G 12GB-512GB,
250,Xiaomi 14 12GB 256GB,
251,Tecno Phantom V Fold,
252,Xiaomi 14 8GB 256GB,
253,Samsung Galaxy Note 20 Ultra 5G 512GB,32.990.000đ
254,Xiaomi 13S Ultra,
255,Samsung A36 5G 8GB - 256GB,
256,Realme 9 SE 5G,
257,Tecno Spark 9T,
258,Samsung Galaxy A34 5G 8GB 256GB,
259,Tecno Pova 4,
260,Tecno Camon 19,
261,Huawei Enjoy 50 Pro,
262,Tecno Pova Neo 5G,
263,OPPO Reno13F 5G 8GB-256GB,
264,OPPO Reno13F 4G 12GB - 256GB,
265,OPPO Reno13F 5G 8GB-128GB,
266,Oppo A52,4.990.000đ
267,Xiaomi 12X,
268,Oppo A32,
269,vivo X200 Ultra,
270,Samsung Galaxy Z Silde,
271,Samsung Galaxy A50s,6.990.000đ
272,Xiaomi Redmi Note 9 Pro,5.750.000đ
273,Samsung Galaxy A23 6GB 128GB,
274,Samsung Galaxy M21s,
275,iPhone 15 Pro Max 2TB | Chính hãng VN/A,
276,Apple iPhone 5S 16GB,
277,iPhone 15 Pro Max 2TB | Chính hãng VN/A,
278,Samsung Galaxy M21s,
279,Tecno Pova Neo 2,
280,OPPO Reno13F 4G - 8GB-128GB,
281,OPPO Reno13F 4G 12GB-512GB,
282,Oppo A92,5.740.000đ
283,Samsung Galaxy S 2019,20.990.000đ
284,Oppo A31,4.190.000đ
285,Samsung Galaxy A70,9.290.000đ
286,Xiaomi Redmi 13X,
287,Samsung Galaxy S8 Chính hãng,15.990.000đ
288,Samsung Galaxy M51,
289,Vsmart Joy 3 2GB,2.090.000đ
290,Nokia 7.2,6.190.000đ
291,Oppo Reno4 SE,
292,Vsmart Joy 2 Plus 2GB,1.990.000đ
293,ASUS ZenFone Max Pro M2 3GB,5.290.000đ
294,OPPO Find X8 mini,
295,Nokia 3.2,3.290.000đ
296,Bphone B40,
297,Xiaomi 14 12GB 512GB,
298,Samsung Galaxy XCover6 Pro,
299,Tecno Camon 19 Pro,
300,Tecno POP 6 Go 4G,
301,Infinix Smart 9 3GB 64GB,
302,masstel izi 230,
303,Nothing Phone 3,
304,OPPO Find X9 12GB 256GB,21.990.000đ
305,Xiaomi 14T Pro 12GB 512GB,12.990.000đ
306,Xiaomi 15T Pro 5G 12GB 512GB,16.490.000đ
307,iPhone 15 Pro Max 512GB | Chính hãng VN/A,28.490.000đ
308,iPhone 15 Pro 128GB | Chính hãng VN/A,23.990.000đ
309,iPhone 14 Pro Max 256GB | Chính hãng VN/A,27.990.000đ
310,iPhone Air 1TB | Chính hãng,34.990.000đ
311,iPhone 14 Pro 128GB | Chính hãng VN/A,22.990.000đ
312,iPhone 15 Plus 256GB | Chính hãng VN/A,21.290.000đ
313,iPhone 16 256GB | Chính hãng VN/A,22.390.000đ
314,OPPO Reno12 F 5G 8GB 256GB,7.120.000đ
315,Xiaomi 14T 12GB 512GB,11.290.000đ
316,Redmi Note 13 Pro 5G 12GB 512GB,6.990.000đ
317,HONOR X9c 5G 12GB 256GB,7.290.000đ
318,Nubia Neo 3 5G 8GB 256GB,5.090.000đ
319,Samsung Galaxy M55 5G 8GB 256GB,6.990.000đ
320,Xiaomi 13 Pro (12GB - 256GB),24.490.000đ
321,Xiaomi Redmi Note 13 Pro 4G 8GB 128GB,4.690.000đ
322,HONOR Win RT,
323,Xiaomi Redmi Note 13 Pro 5G 8GB 256GB,6.290.000đ
324,OPPO Reno14 F 5G 8GB 256GB,10.100.000đ
325,realme GT Neo 3,
326,Xiaomi Redmi Note 13 6GB 128GB,3.790.000đ
327,iPhone 16 Pro 1TB | Chính hãng VN/A,35.990.000đ
328,Samsung Galaxy A55 5G 8GB 128GB,7.590.000đ
329,iPhone 12 64GB | Chính hãng VN/A,7.990.000đ
330,Samsung Galaxy A06 4GB 128GB,2.590.000đ
331,iPhone 14 Pro 256GB | Chính hãng VN/A,24.990.000đ
332,Samsung Galaxy S24 Ultra 12GB 512GB,23.990.000đ
333,iPhone 12 mini 64GB I Chính hãng VN/A,12.990.000đ
334,Samsung Galaxy S24 FE 5G 8GB 128GB,11.490.000đ
335,iPhone 11 128GB | Chính hãng VN/A,8.490.000đ
336,OPPO Find N3 Flip 12GB 256GB,13.990.000đ
337,Xiaomi Redmi Note 13 Pro Plus 5G 8GB 256GB,6.490.000đ
338,Tecno Pova 7 8GB 256GB,4.890.000đ
339,vivo iQOO Z9 Turbo,
340,Xiaomi POCO X6 Pro 5G 8GB 256GB,7.540.000đ
341,OPPO Find N,
342,Itel RS4 12GB 256GB NFC,3.390.000đ
343,Samsung Galaxy A15 LTE 8GB 128GB,4.290.000đ
344,Samsung Galaxy M55 12GB 256GB,7.990.000đ
345,OPPO Reno13 F 5G 12GB 256GB,8.990.000đ
346,Xiaomi Redmi Note 12S,4.990.000đ
347,Samsung Galaxy A16 LTE 4GB 128GB,3.390.000đ
348,Xiaomi Redmi Note 12 4GB 128GB,3.790.000đ
349,TECNO POVA 6 NEO 8GB 128GB,3.890.000đ
350,HONOR 600 Pro 5G 12GB 256GB,
351,Redmi K50 Gaming Edition,
352,Samsung Galaxy A25 5G 6GB 128GB,4.690.000đ
353,Redmi Turbo 5 Max,
354,Samsung Galaxy S24 Plus 12GB 512GB,18.990.000đ
355,Xiaomi Redmi 14C 4GB 128GB,2.850.000đ
356,Samsung Galaxy S23 8GB 128GB ĐKH Online,13.790.000đ
357,OPPO A5i 4GB 128GB,3.690.000đ
358,Xiaomi Redmi 13C 6GB 128GB,2.990.000đ
359,realme C33 4G (3GB -  32GB),1.850.000đ
360,Samsung Galaxy A54 5G 8GB 128GB,7.390.000đ
361,TECNO Spark 40 6GB 128GB,3.290.000đ
362,Samsung Galaxy A23 4G,3.600.000đ
363,HONOR Power 2,
364,Xiaomi Redmi Note 12 Pro 4G,
365,Itel RS4 8GB 256GB NFC,3.290.000đ
366,Samsung Galaxy A05S 6GB 128GB,3.290.000đ
367,Samsung Galaxy S22 Ultra 12GB  256GB đã kích hoạt online,18.990.000đ
368,Xiaomi Redmi Note 12 Pro 4G 8GB 256GB,5.690.000đ
369,Xiaomi Redmi Note 11 Pro,5.790.000đ
370,Samsung Galaxy S21 FE 8GB 128GB,8.800.000đ
371,OPPO Reno13 F 8GB 256GB,8.530.000đ
372,Nokia 3210 4G,1.450.000đ
373,Samsung Galaxy Z Fold4 256GB,22.490.000đ
374,Xiaomi Redmi Note 12 Turbo,
375,Xiaomi Redmi Turbo 4,
376,Huawei Mate XT Ultimate,
377,vivo iQOO Z9,
378,Điện thoại Masstel S7 4GB 128GB,1.990.000đ
379,Samsung Galaxy S23 Plus 8GB 256GB,19.990.000đ
380,Xiaomi Poco F7 Pro,
381,OPPO Reno11 F 5G 8GB 256GB,6.990.000đ
382,Xiaomi 13T Pro 5G 12GB 512GB,
383,Samsung Galaxy Z Flip5 512GB,
384,Samsung Galaxy Z Fold5 12GB 256GB,27.990.000đ
385,Xiaomi 17 5G,
386,Huawei P60 Pro,
387,Xiaomi 13 Lite,8.290.000đ
388,Google Pixel 7 Pro,
389,Điện thoại Xiaomi 17 Pro Max,
390,Samsung Galaxy A14 4G,2.990.000đ
391,Huawei P60,
392,Xiaomi Black Shark 5,
393,OPPO Reno 7 Pro,9.990.000đ
394,Điện thoại Meizu Mblu 21 4GB 64GB,2.290.000đ
395,Google Pixel 7,
396,Xiaomi Redmi Note 11 Pro Plus 5G,6.090.000đ
397,Honor Magic 5 Pro,
398,Nubia Red Magic 9 Pro,
399,iPhone 13 Pro 128GB | Chính hãng VN/A,21.990.000đ
400,Samsung Galaxy S24 8GB 256GB,16.790.000đ
401,Điện thoại OPPO A55 (4GB - 64GB),3.490.000đ
402,Xiaomi 17 5G 12GB 512GB,
403,Xiaomi 15 Pro,
404,Honor Magic 6 Pro,
405,Xiaomi Redmi 12C 4GB 64GB,2.190.000đ
406,Google Pixel 9 Pro,
407,Samsung Galaxy S22 Plus (8GB + 128GB),16.990.000đ
408,Honor Magic 5,
409,Google Pixel 8 Pro,
410,Google Pixel 9,
411,Điện thoại Xiaomi 17 Pro,
412,realme C33 4GB 64GB,2.190.000đ
413,OPPO A56,
414,Infinix GT 20 Pro 12GB 256GB,
415,Xiaomi 13 Ultra,
416,Xiaomi Redmi K70,
417,Samsung Galaxy Z Flip6 12GB 512GB,21.990.000đ
418,POCO F6,
419,TECNO Pova 8 8GB 128GB,
420,Infinix Note 40 Pro 8GB 256GB,5.790.000đ
421,Honor X40 5G,
422,Nothing Phone 2,
423,Huawei Mate X6,
424,realme GT Neo 5,
425,Infinix HOT 50i 4GB 128GB,
426,OPPO Find X7 Pro,
427,Realme V30,
428,Huawei Mate 60 Pro,
429,Sharp Aquos R8,
430,Samsung Galaxy Buddy2,
431,Meizu 20,
432,Xiaomi POCO F5 Pro,
433,Masstel izi 16 4G,450.000đ
434,Xiaomi Redmi K70 Pro,
435,OnePlus Nord N30,
436,Xiaomi Mix Fold 3,
437,Redmi K60,
438,Honor 200 Pro,
439,Samsung Galaxy M44,
440,realme C60 4GB 64GB,2.390.000đ
441,Leitz Phone 1,
442,Redmi K60 Pro 5G,
443,OPPO Find X8 Pro 5G 16GB 512GB,
444,huawei p60 art,
445,Google Pixel 6,
446,Xiaomi POCO M7,
447,Honor X8A,
448,vivo X90 Pro,
449,Xiaomi Redmi Note 13 Turbo,
450,realme GT6 Pro,
451,Xiaomi 17T Pro 5G 12GB 512GB,
452,OPPO Find X7 5G 12GB 256GB,
453,Xiaomi Mi 10 Ultra,
454,ViVo iQOO 10 Pro,
455,Google Pixel 9 Pro XL,
456,realme C75X 8GB-128GB,
457,iQOO 11,
458,Red Magic 7S Pro,
459,Điện thoại ZTE Blade A72 3GB 128GB,1.990.000đ
460,Samsung Galaxy A75,
461,Vivo X90,
462,Điện thoại Xiaomi Poco F7,
463,Google Pixel Fold,
464,Điện thoại Xiaomi 15T 12GB 256GB,
465,OPPO Reno9 Pro,
466,ViVo iQOO 10,
467,OPPO A2m,
468,Samsung Galaxy Tab S10 FE 5G,
469,ZTE Nubia Z60 Ultra,
470,OPPO Find N2,
471,Xiaomi Redmi Note 14 Pro 5G 8GB 256GB,
472,Realme GT Neo 6,
473,Motorola Razr 40 Ultra,
474,Samsung Galaxy M16 5G,
475,Samsung Galaxy A24,
476,Google Pixel 5,
477,Điện thoại Xiaomi 15T Pro 12GB 256GB,
478,Vivo Y56,
479,OPPO Find X8 Ultra,
480,Xiaomi Mix Alpha,
481,Samsung A56 5G 12GB - 256GB,
482,Samsung Galaxy A74,
483,Honor X9,
484,HTC Wildfire E3 Lite,
485,vivo iQOO Z9x,
486,HONOR Magic V Flip 2,
487,Oneplus Ace 2 Pro,
488,Samsung Galaxy A16 5G 8GB 256GB,
489,realme C75 (8GB-128GB),
490,Xiaomi POCO F8 Ultra 12GB 256GB,
491,Vivo S1,
492,Vivo Y01,
493,Vivo iQOO 9 Pro,
494,Realme GT3,
495,Huawei Nova 11i,
496,OPPO A97,
497,Realme GT3,
498,Itel A70,
499,realme 10 Pro Plus,
500,Honor 200 Lite,
501,Vivo Y66,
502,Vivo X90 Pro Plus,
503,vivo X Note,
504,Nubia Neo 5 Max,
505,Honor X7,
506,Xiaomi 17T 5G 12GB 512GB,
507,Meizu 20 Pro,
508,Xiaomi Redmi Note 12T Pro,
509,Google Pixel 3 XL,
510,OPPO Find X6 Pro,
511,ZenFone 10,
512,OPPO K10x,
513,Google Pixel 3,
514,Xiaomi Redmi Note 14 Pro,
515,Nothing Phone 3A Pro,
516,Samsung Galaxy S24FE 5G 8GB 256GB,
517,iQOO Neo 7 Pro,
518,Huawei Mate 50E,
519,Realme GT Neo 5 SE,
520,Xiaomi Mi 10T,
521,Xiaomi Poco F4 GT,
522,OPPO Reno12 F 4G 8GB 256GB,
523,Xiaomi Redmi Note 14 Pro 8GB 128GB,
524,Realme Narzo 50i Prime,
525,Xiaomi Civi 1S,
526,Huawei Enjoy 60X,
527,Google Pixel 9 Pro Fold,
528,OPPO Reno 11 A,
529,vivo X100 Pro,
530,Realme V30t,
531,Google Pixel 6 Pro,
532,Xiaomi Redmi Note 14 8GB 128GB,
533,ZTE Nubia Z50 Ultra,
534,Samsung Galaxy A55 5G 12GB 256GB,
535,Redmi Note 12T Pro,
536,Samsung W22,
537,realme Narzo 50,
538,Nokia X30 5G,
539,Huawei Nova 10 SE,
540,Honor Magic 2,
541,Google Pixel 6a,
542,OPPO A2,
543,Xiaomi Redmi Note 14S,
544,OPPO A2x,
545,Honor 90 Pro,
546,HONOR 600 5G 8GB 256GB,
547,Xiaomi POCO C65,
548,Huawei Nova Y91,
549,Asus Rog Phone 8 ultimate,
550,Samsung A06 5G 4GB-64GB,
551,Nokia 150,
552,Motorola Moto G73,
553,Honor X6,
554,Vivo V27,
555,OPPO A1 Pro,
556,Honor 80 GT,
557,Vivo V7,
558,vivo Y36 8GB 256GB,
559,Realme V20 5G,
560,Vivo V9,
561,Xiaomi Redmi Note 10T,
562,Google Pixel 2,
563,Xiaomi Redmi A5 4G,
564,Nubia Red Magic 10,
565,Vivo Nex 3,
566,Xiaomi Redmi K70e,
567,Infinix Note 30 Pro,
568,Nothing Phone 1,
569,OPPO K10 Pro,
570,OPPO A1x,
571,Xiaomi 14T Pro 8GB 256GB,
572,Honor X9B,
573,Nubia Redmagic 8s Pro 16GB 512GB Transparent,
574,Xiaomi Redmi Note 12R Pro,
575,Google Pixel 5a,
576,Vivo Y52,
577,Vivo Y52,
578,Xiaomi Redmi Note 13 12GB 256GB,
579,Xiaomi Redmi Note 13R Pro,
580,Huawei Nova 10,
581,realme 12 Pro,
582,OPPO Find X6,
583,Asus ROG Phone 7 Pro,
584,Vivo iQOO Neo 8 Pro,
585,Nokia 130,
586,Blackview N6000,
587,Huawei Nova 12 Pro,
588,vivo S19,
589,Xiaomi 14 Ultra 12GB 512GB,
590,vivo iQOO Pad Air,
591,OPPO Find X7 Ultra 12GB 256GB,
592,OnePlus Ace 2V,
593,Xiaomi Redmi Note 14 Pro Plus 12GB 512GB,
594,vivo V30 Pro,
595,Google Pixel 4a,
596,Xperia 5 V,
597,Xiaomi Redmi Note 14 Pro Plus 12GB 512GB,
598,Tecno Pova 7 Neo,
599,Honor 80 Pro,
600,Motorola Edge 40,
601,Motorola Edge plus,
602,Oneplus Nord N300,
603,vivo Y200 Pro,
604,Huawei Pocket S,
605,OPPO PHF110,
606,Vivo X80 Pro Plus,
607,Vivo Y91,
608,realme 13+ 5G 12GB 256GB,
609,Vivo Y85,
610,Tecno Spark 10C,
611,Oneplus Open,
612,Infinix Hot 50 Pro 8GB 256GB,
613,Vivo Y77,
614,Samsung A06 5G 6GB - 128GB,
615,Redmi K60 Ultra,
616,Vivo Y95,
617,vivo IQOO Neo 8,
618,Vivo Y77,
619,Redmi K60 Ultra,
620,Honor 90,
621,OnePlus Nord CE 4 Lite,
622,Oneplus 12,
623,Motorola Edge 40 Pro,
624,Realme GT Neo 6,
625,OPPO K11,
626,OPPO A56s,
627,Samsung A26 5G 8GB - 256GB,
628,TECNO Spark 50 4GB 128GB,
629,OPPO A2 Pro,
630,Masstel Izi 10 4G,
631,Google Pixel 4 XL,
632,Honor Magic V2,
633,Vivo S17,
634,Vivo Y71,
635,Samsung Galaxy C55,
636,Xiaomi Redmi Note 12 Pro+,
637,Vivo X100,
638,Lenovo Legion Y70,
639,Vivo Y97,
640,vivo S19 Pro,
641,Vivo iQOO Z7x,
642,Xiaomi Redmi Note 12 Pro+,
643,Vivo V29,
644,Vivo Y27s,
645,Honor Magic V3,
646,Samsung Galaxy A06 4GB 64GB,
647,OPPO Reno9 Z,
648,vivo Y200i,
649,Blackview A95,
650,Xiaomi Redmi Note 14 Pro 12GB 512GB,
651,OPPO A1,
652,Nokia C12,
653,Sony Xperia X Compact,
654,Vivo iQOO Z6,
655,realme 12 Pro plus,
656,Huawei Enjoy 60 Pro,
657,realme 12 Pro plus,
658,Sony Xperia X Compact,
659,Huawei Enjoy 60 Pro,
660,Honor X50i,
661,Oneplus Nord CE2,
662,Masstel Tab 10.4,
663,Infinix Zero 5G,
664,OPPO Reno12 F 5G 12GB-256GB,
665,Xiaomi Redmi Note 14 Pro 8GB 256GB,
666,POCO F6 5G,
667,vivo Y200 GT,
668,Vivo Y30 5G,
669,vivo T3x,
670,Doogee V30 Pro,
671,Xiaomi 14 Pro 12GB 512GB,
672,Samsung A36 5G 12GB - 256GB,
673,Sony Xperia 5 IV,
674,Huawei Nova 10 Pro,
675,Honor X5 Plus,
676,OnePlus Ace 3 Pro,
677,OnePlus V Fold,
678,Masstel Play 50,
679,Realme C55 8GB 128GB,
680,Realme 9i 5G,
681,Realme V23 5G,
682,Vivo S17e,
683,OPPO Reno9 Pro Plus,
684,Xiaomi Redmi 11 Prime 5G,
685,Huawei P50 Pocket S,
686,OPPO A98 5G,
687,Nokia Hero 5G,
688,Doogee S100 Pro,
689,vivo Y22,
690,Xiaomi Redmi A4,
691,Xiaomi CIVI 3,
692,realme C67 8GB 256GB,
693,Xiaomi Redmi Note 13 8GB 128GB,
694,Infinix Hot 40,
695,Infinix Zero 30,
696,Motorola Moto G13,
697,Xiaomi POCO C51,
698,TCL 50SE,
699,Vivo Y77e 5G,
700,Xiaomii 14 Lite 12GB 512GB,
701,Huawei Nova 9 SE,
702,Leitz Phone 2,
703,Xiaomi Redmi Note 13s,
704,Vivo iQOO 11s,
705,Samsung Galaxy F54 5G,
706,TECNO Spark Go 3,
707,Honor 200,
708,Honor Play 30,
709,TECNO CAMON 20 Pro 5G,
710,OnePlus Nord N20 SE,
711,Infinix Note 40 5G,
712,vivo y78,
713,Vsmart Bee 5,1.590.000đ
714,Vivo iQOO Z7,
715,Vivo Y22T,
716,Samsung Galaxy F13,
717,Samsung Galaxy F13,
718,Vivo Y22T,
719,Vivo Y81,
720,TCL 505,
721,Xiaomi 14 Pro 12GB 256GB,
722,Honor 80,
723,Honor 70 Lite,
724,Honor Magic V,
725,masstel x6,
726,Masstel x1,
727,Masstel Tab 10A,
728,Motorola Moto G22,
729,Xiaomi 15 5G 12GB 256GB,
730,Samsung Galaxy A35 5G 8GB-256GB,
731,Black Shark 5S Pro,
732,vivo Y78+,
733,Redmi Note 11R,
734,OPPO F27 Pro Plus,
735,Doogee V30T,
736,Lenovo ThinkPhone,
737,Samsung Galaxy A14 4G 6GB 128GB,
738,Vivo X80 Lite,
739,Huawei Nova Y70 Plus,
740,Xiaomi Redmi K50S Pro,
741,Google Pixel 2 XL,
742,HONOR 600 5G 12GB 256GB,
743,Tecno Spark 30 5G 6GB-128GB,
744,TECNO CAMON 20 Premier,
745,Honor 90 Lite,
746,Honor X40i,
747,Honor X50i+,
748,Honor X7a,
749,OnePlus Nord CE 2 Lite 5G,
750,Masstel Izi 50 4G,
751,Infinix Hot 20 Play,
752,masstel fami 60,
753,Vivo V29 Pro,
754,Samsung Galaxy F55 5G,
755,Xiaomi Redmi Note 11SE,
756,Nokia T10,
757,Vivo X Fold Plus,
758,OPPO F27 Pro,
759,Xiaomi Redmi Note 13 Pro 5G,
760,HTC U23 Pro,
761,POCO M6 Plus 5G,
762,Vivo iQOO 9T,
763,Xiaomi 14T 12GB 256GB,
764,Samsung A26 5G 6GB - 128GB,
765,Oppo Reno8 4G,
766,Samsung Galaxy F04s,
767,Xiaomi 14T 12GB 512GB,
768,vivo Y38 5G,
769,ZTE Axon 30S,
770,Redmi 11A,
771,Realme Narzo N53,
772,Xiaomi Redmi 14,
773,Tecno Camon 40S,
774,Honor Play 40C,
775,Honor Play 7T Pro,
776,Honor 80 Pro Plus,
777,Masstel Izi 10,
778,Masstel Izi 25 4G,
779,masstel izi 20 4g,
780,Masstel Izi 55 4g,
781,Masstel Hapi 15,
782,Xiaomi Redmi Note 13 Pro Plus 4G,
783,Xiaomi 14 Lite 8GB 256GB,
784,OPPO A57e,
785,Xiaomi POCO C55,
786,Huawei Nova 11 SE,
787,vivo y12,
788,OPPO K11x,
789,OPPO Find X7 5G 16GB 256GB,
790,vivo X Fold2,
791,Xiaomi POCO C50,
792,vivo Y18e,
793,Xiaomi 14 Civi,
794,Vivo Y35 plus,
795,Samsung Galaxy F34 5G,
796,Huawei Nova 10z,
797,Masstel Izi 10,
798,Masstel Izi 25 4G,
799,masstel izi 20 4g,
800,Masstel Izi 55 4g,
801,Masstel Hapi 15,
802,Xiaomi Redmi Note 13 Pro Plus 4G,
803,Xiaomi 14 Lite 8GB 256GB,
804,OPPO A57e,
805,Xiaomi POCO C55,
806,Huawei Nova 11 SE,
807,vivo y12,
808,OPPO K11x,
809,OPPO Find X7 5G 16GB 256GB,
810,vivo X Fold2,
811,Xiaomi POCO C50,
812,vivo Y18e,
813,Xiaomi 14 Civi,
814,Vivo Y35 plus,
815,Samsung Galaxy F34 5G,
816,Huawei Nova 10z,
817,Xiaomi Civi,
818,Xiaomi Redmi 9 Activ,
819,Xiaomi 12S Ultra,
820,Vivo Y32t,
821,Oppo F17,
822,Huawei Nova 7 SE,
823,Vivo V29 Lite 5G,
824,Samsung Galaxy A57 12GB 256GB,
825,Samsung Galaxy A57 8GB 256GB,
826,Xiaomi Redmi Note 13 8GB 256GB,
827,Xiaomi Mi MIX Fold,
828,OPPO Reno8 Pro Plus,
829,Oppo F17 Pro,
830,Vivo Y73t,
831,Xiaomi 14 Lite 12GB 256GB,
832,Xiaomi Redmi Note 11T 5G,
833,Realme GT 2,
834,Xiaomi F9S,
835,Samsung A56 5G 8GB - 256GB,
836,Redmi K50i 5G,
837,Huawei P30 Lite,7.490.000đ
838,Huawei P30,17.990.000đ
839,Realme X3 Pro,
840,OPPO Find N4 Flip,
841,vivo iQOO Z6x,
842,vivo V40 Lite,
843,Oppo K9s,
844,Xiaomi 14 Lite 12GB 256GB,
845,Vivo Y73t,
846,Realme Note 9 Prime,
847,Vivo Y74s,
848,realme GT 5 Pro SE,
849,Huawei Enjoy 20,
850,Samsung A56 5G 8GB - 256GB,
851,Realme V13,
852,Realme Narzo N55,
853,Oppo F17 Pro,
854,Huawei Nova 9 SE,
855,OPPO A16e,
856,Xiaomi Mi MIX Fold,
857,Vivo Y21T,
858,Xiaomi 12 Ultra,
859,Huawei Enjoy 20 Plus,
860,Oppo F19s,
861,Oppo K9 Pro,
862,OPPO Find N4 Flip,
863,Xiaomi Redmi 11 Prime 4G,
864,vivo V40 Lite,
865,Điện thoại Samsung Galaxy Z Flip mới,
866,ROG Phone 6 Pro,
867,Xiaomi 12i HyperCharge,
868,Redmi K50i 5G,
869,Huawei Enjoy 20,
870,Realme GT 2,
871,Xiaomi F9S,
872,Xiaomi 14 8GB 128GB,
873,HTC A102,
874,Vivo Y74s,
875,realme GT 5 Pro SE,
876,Xiaomi Redmi Note 11T 5G,
877,Xiaomi 14 Ultra 8GB 256GB,
878,Huawei Enjoy 20 Plus,
879,OPPO K9x,
880,Vivo Y21T,
881,Xiaomi 12 Ultra,
882,Xiaomi Civi 2,
883,Vivo X70T Pro,
884,Samsung Galaxy Fold5,
885,Vivo T2 5G,
886,Sharp Rouvo V,
887,HONOR Magic 7 Pro,
888,Tecno Pova Curve 2 5G 8GB 256GB,
889,Tecno Camon Slim 4G 8GB 128GB,
890,HONOR 600 Lite 5G 8GB 256GB,
891,Xiaomi Redmi A7 Pro 4GB 64GB,
892,Xiaomi Redmi A7 4GB 128GB,
893,Tecno Pop 5 Pro,
894,Honor X9C 5G 12GB 256GB,
895,Honor Play 7T,
896,Honor X8 5G,
897,Masstel Izi 20,
898,Masstel Izi 55,
899,OnePlus Ace Pro,
900,OnePlus Nord 2 CE,
901,OnePlus 10 Ultra,
902,Masstel X9,
903,Motorola Rizr Rollable,
904,Motorola Moto E13,
905,HTC Wildfire E Star,
906,Vivo Y100A,
907,Huawei P50 Pro+,
908,Oppo Reno5 Lite,
909,vivo Y18S 8GB 256GB,
910,TECNO Pova 8 8GB 256GB,
911,Samsung Galaxy A37 6GB 128GB,
912,Samsung Galaxy A37 8GB 256GB,
913,Xiaomi Redmi Note 14 Pro Plus 6GB 128GB,
914,Xiaomi Redmi Note 14 Pro Plus 8GB 128GB,
915,Vivo Y10,
916,HTC U11,
917,vivo Y36t,
918,Xiaomi Redmi Note 14 Pro Plus 6GB 128GB,
919,Vivo Y10,
920,Xiaomi Redmi Note 14 Pro Plus 8GB 128GB,
921,Google Pixel 8A,
922,OPPO Find X7 Ultra 16GB 256GB,
923,Xiaomi 14 Pro 8GB 256GB,
924,OPPO Reno12 FS 5G,
925,Vivo Y77T,
926,vivo V30E SE,
927,Nokia X21 5G,
928,Samsung Galaxy M53 5G,
929,Vivo Y21e,
930,Vivo Y33e,
931,Xiaomi 11i HyperCharge,
932,Xiaomi 12 Lite,
933,Vivo Y1s,
934,Xiaomi Redmi 11,
935,Realme C30,
936,Vivo S15 Pro,
937,Xiaomi 11i HyperCharge,
938,Vivo S15 Pro,
939,Xiaomi Mi 11X,
940,Vivo T2x,
941,vivo V30E SE,
942,Redmi A1+,
943,Samsung Galaxy M53 5G,
944,Nokia X21 5G,
945,Huawei Mate X2,
946,Xiaomi Mi 10T Lite,
947,Huawei Enjoy 20 Pro,
948,Samsung Galaxy M42,
949,Vivo Y11 4G,
950,Vivo Y75s,
951,Vivo Y35M Plus,
952,Huawei Nova Y71,
953,vivo Y36t,
954,Vivo Y78m,
955,OPPO Find X7 Ultra 16GB 256GB,
956,Google Pixel 8A,
957,Vivo Y75s,
958,Vivo Y11 4G,
959,Xiaomi Redmi K50 Ultra,
960,Huawei Mate X2,
961,HONOR 600 Lite,
962,Tecno Pova Curve 2 5G 8GB 128GB,
963,Camon Slim 4G 8GB 256GB,
964,Nubia Red Magic 7 Pro,
965,Nubia Red Magic 7S,
966,Honor Power,
967,Honor 90 512GB,
968,Tecno Spark 8P,
969,Tecno Spark 9,
970,OnePlus 11 Pro,
971,OnePlus 10,
972,OnePlus Nord 2T,
973,OnePlus Ace,
974,OnePlus 10R,
975,masstel izi 300,
976,Motorola Moto G23,
