name,price
iPhone 17 Pro Max 256GB | Chính hãng,37.590.000đ
iPhone 17 Pro 256GB | Chính hãng,34.790.000đ
Samsung Galaxy S26 Ultra 12GB 256GB,32.490.000đ
iPhone 17 256GB | Chính hãng,24.590.000đ
Samsung Galaxy S25 Ultra 12GB 256GB,27.490.000đ
OPPO Find X9s 12GB 256GB,24.990.000đ
OPPO Reno15 F 5G 8GB 256GB,11.990.000đ
Samsung Galaxy S26 12GB 256GB,21.490.000đ
Điện thoại Itel P55 Plus NFC 8GB 256GB,3.190.000đ
Xiaomi 17 Ultra 5G 16GB 512GB,32.470.000đ
Nubia Neo 5 5G 8GB 128GB,6.990.000đ
Samsung Galaxy A57 5G 8GB 128GB,12.490.000đ
iPhone Air 256GB | Chính hãng,23.790.000đ
Nubia Neo 5 GT 8GB 256GB,8.990.000đ
iPhone 15 128GB | Chính hãng VN/A,17.890.000đ
Samsung Galaxy Z Flip7 12GB 256GB,23.990.000đ
iPhone 17e 256GB | Chính hãng,17.490.000đ
Samsung Galaxy A17 5G 8GB 128GB,6.090.000đ
iPhone 16 Pro Max 512GB | Chính hãng VN/A,37.990.000đ
OPPO Find N6 16GB 512GB,64.990.000đ
Điện thoại Meizu Mblu Note 21 Pro NFC 8GB 256GB,3.990.000đ
Samsung Galaxy A07 4GB 128GB,3.390.000đ
Xiaomi Redmi Note 14 Pro Plus 5G 8GB 256GB,8.190.000đ
Samsung Galaxy Z Fold7 12GB 256GB,41.990.000đ
Xiaomi Redmi Note 15 6GB 128GB,5.690.000đ
HONOR X9d 5G 12GB 256GB,11.690.000đ
Nubia V80 Design 8GB 128GB,3.990.000đ
HONOR X7d 8GB 256GB,6.490.000đ
OPPO Reno15 5G 12GB 256GB,16.990.000đ
Samsung Galaxy A56 5G 8GB 128GB,9.190.000đ
POCO X8 Pro Max 12GB 256GB,14.490.000đ
iPhone 17 Pro Max 512GB | Chính hãng,44.090.000đ
Xiaomi 15T 5G 12GB 512GB,13.490.000đ
iPhone 16 Pro 128GB | Chính hãng VN/A,24.490.000đ
Nubia Neo 3 4G 8GB 128GB,4.790.000đ
ZTE Nubia Z60S Pro 16GB 512GB,10.990.000đ
Nubia V80 Max 8GB 256GB,4.190.000đ
HONOR 400 Pro 5G 12GB 512GB,15.990.000đ
iPhone 16 128GB | Chính hãng VN/A,20.690.000đ
Điện thoại Meizu Mblu 22 Pro NFC 6GB 256GB,2.990.000đ
Nubia Neo 3 GT 12GB 256GB,7.490.000đ
Samsung Galaxy S25 FE 8GB 128GB,13.290.000đ
Xiaomi POCO X7 Pro 5G 12GB 256GB,8.990.000đ
TECNO CAMON 40 8GB 128GB,4.990.000đ
iPhone 14 128GB  | Chính hãng VN/A,13.990.000đ
iPhone 14 Pro Max 128GB | Chính hãng VN/A,25.590.000đ
iPhone 16e 128GB | Chính hãng VN/A,11.990.000đ
iPhone 15 256GB | Chính hãng VN/A,20.790.000đ
iPhone 13 128GB | Chính hãng VN/A,11.990.000đ
iPhone 16 Pro 256GB | Chính hãng VN/A,27.990.000đ
Xiaomi 15T Pro 5G 12GB 512GB,16.990.000đ
Samsung Galaxy A26 5G 8GB 128GB,6.990.000đ
OPPO Find X9 Ultra 12GB 512GB,49.990.000đ
OPPO Find X8 16GB 512GB,19.490.000đ
Samsung Galaxy S24 Plus 12GB 256GB,16.090.000đ
iPhone 17 Pro Max 1TB | Chính hãng,50.090.000đ
Xiaomi Redmi Note 14 5G 8GB 256GB,6.490.000đ
Xiaomi Redmi Note 14 6GB 128GB,4.390.000đ
OPPO Reno10 Pro+ 5G 12GB 256GB,10.490.000đ
Điện thoại Nubia Z70S Ultra 5G 12GB 256GB,19.990.000đ
Xiaomi POCO F8 Pro 5G 12GB 256GB,14.190.000đ
OPPO Find X9 Pro 16GB 512GB,32.990.000đ
Xiaomi Redmi Note 15 Pro 12GB 256GB,10.090.000đ
iPhone 17 Pro 512GB | Chính hãng,40.990.000đ
iPhone 17 Pro Max 2TB | Chính hãng,61.990.000đ
Samsung Galaxy A36 5G 8GB 128GB,7.490.000đ
Samsung Galaxy A06 5G 4GB 128GB,3.150.000đ
iPhone 17 512GB | Chính hãng,30.590.000đ
iPhone 16 Plus 128GB | Chính hãng VN/A,24.350.000đ
OPPO A6 Pro 8GB 256GB,9.290.000đ
iPhone 15 Plus 128GB | Chính hãng VN/A,17.690.000đ
Xiaomi Redmi Note 15 Pro 5G 12GB 256GB,11.490.000đ
iPhone 16e 256GB | Chính hãng VN/A,14.490.000đ
iPhone 17 Pro 1TB | Chính hãng,46.290.000đ
TECNO Spark 40 Pro+ 8GB 256GB,4.890.000đ
Samsung Galaxy S25 256GB,17.690.000đ
Xiaomi 15 5G 12GB 256GB,18.490.000đ
Samsung Galaxy S26 Ultra 12GB 512GB,38.490.000đ
Xiaomi Redmi 15 5G 8GB 256GB,6.390.000đ
Nothing Phone 2A Plus 5G 12GB 256GB,8.290.000đ
iPhone 16 Plus 256GB | Chính hãng VN/A,27.490.000đ
HONOR X9d 5G 12GB 512GB,12.690.000đ
Samsung Galaxy S24 Ultra 12GB 256GB,25.290.000đ
HONOR X8d 8GB 128GB,7.790.000đ
OPPO Find N5 16GB 512GB,44.180.000đ
Xiaomi 15 Ultra 5G 16GB 512GB,26.990.000đ
Nubia Neo 5 GT 12GB 256GB,9.990.000đ
Xiaomi Redmi Note 15 5G 6GB 128GB,6.990.000đ
Samsung Galaxy A37 5G 8GB 128GB,10.790.000đ
iPhone Air 1TB | Chính hãng,34.990.000đ
HONOR Magic V5 16GB 512GB,39.990.000đ
Xiaomi 15 5G 12GB 512GB,19.990.000đ
Xiaomi Redmi 15C 8GB 256GB NFC,5.490.000đ
iPhone 16 Pro Max 1TB | Chính hãng VN/A,42.990.000đ
OPPO Find X9 16GB 512GB,26.990.000đ
Nubia Neo 5 5G 8GB 256GB,7.990.000đ
HONOR 400 5G 12GB 256GB,12.450.000đ
OPPO Reno12 5G 12GB 256GB,8.990.000đ
Samsung Galaxy A17 8GB 128GB,5.190.000đ
OPPO Reno12 F 5G 8GB 256GB,7.120.000đ
Samsung Galaxy S25 Plus 256GB,20.990.000đ
Meizu Lucky 08 5G 12GB 256GB,5.490.000đ
Điện thoại Meizu Mblu 22 3GB 64GB,2.290.000đ
Samsung Galaxy S25 Ultra 512GB,31.180.000đ
Xiaomi 15 Ultra 5G 16GB 1TB,28.990.000đ
iPhone 13 256GB | Chính hãng VN/A,14.990.000đ
Điện thoại Nubia Z70 Ultra 5G 12GB 256GB,16.990.000đ
iPhone 17e 512GB | Chính hãng,23.690.000đ
Xiaomi 14T 12GB 512GB,11.290.000đ
OPPO Reno14 5G 12GB 256GB,15.500.000đ
iPhone Air 512GB | Chính hãng,28.990.000đ
Tecno Pova 7 8GB 128GB,4.590.000đ
iPhone 13 Pro Max 128GB | Chính hãng VN/A,22.990.000đ
Sony Xperia 1 VII 12GB 256GB,24.500.000đ
Xiaomi Redmi 15C 4GB 128GB NFC,4.490.000đ
Samsung Galaxy S26 Ultra 16GB 1TB,42.990.000đ
POCO X8 Pro Max 12GB 512GB,15.490.000đ
iPhone 11 64GB | Chính hãng VN/A,7.490.000đ
Huawei Mate X7 16GB 512GB,42.990.000đ
OPPO A6 Pro 8GB 128GB,8.290.000đ
Samsung Galaxy A07 5G 4GB 128GB,4.590.000đ
Xiaomi 17 Ultra 5G 16GB 1TB,35.440.000đ
Xiaomi Redmi A7 Pro 4GB 128GB,4.290.000đ
OPPO Find N3 16GB 512GB,26.990.000đ
Sony Xperia 10 VII 8GB 128GB,10.500.000đ
Xiaomi 13 Pro (12GB - 256GB),24.490.000đ
Samsung Galaxy S26 Plus 12GB 256GB,25.490.000đ
OPPO A5i Pro 8GB 128GB,6.290.000đ
Xiaomi POCO X7 5G 12GB 512GB,7.990.000đ
Samsung Galaxy Z Fold 6 12GB 256GB,29.990.000đ
Samsung Galaxy A07 8GB 256GB,4.490.000đ
Samsung Galaxy S25 FE 8GB 512GB,18.590.000đ
OPPO A58 8GB 128GB,4.500.000đ
Xiaomi Redmi Note 13 Pro 5G 8GB 256GB,6.290.000đ
OPPO Find X5 Pro 5G 12GB 256GB,12.990.000đ
OPPO A6t 6GB 256GB,7.490.000đ
HONOR X9c 5G 12GB 256GB,7.290.000đ
Samsung Galaxy S26 Plus 12GB 512GB,31.490.000đ
Samsung Galaxy M55 5G 8GB 256GB,6.990.000đ
OPPO A79 5G 8GB 256GB,7.060.000đ
Nothing Phone 3A 8GB 128GB,8.790.000đ
OPPO A3 8GB 256GB,5.780.000đ
OPPO Reno10 5G 8GB 256GB,8.490.000đ
TECNO CAMON 40 Pro 8GB 256GB,5.590.000đ
OPPO A6t 4GB 128GB,5.490.000đ
Samsung Galaxy Z Fold7 12GB 512GB,44.290.000đ
TECNO SPARK 30 Pro 8GB 256GB Transformer,3.990.000đ
Nubia V70 Design 8GB 128GB,2.790.000đ
Samsung Galaxy A06 4GB 128GB,2.790.000đ
TECNO Spark Go 3 4GB 64GB,3.490.000đ
Samsung Galaxy S25 Plus 512GB,25.490.000đ
Samsung Galaxy S24 8GB 512GB,17.190.000đ
OPPO A3 6GB 128GB,4.500.000đ
Nothing Phone 2A 5G 8GB 128GB,7.190.000đ
iPhone 13 Pro Max 256GB | Chính hãng VN/A,23.990.000đ
OPPO Find N3 Flip 12GB 256GB,13.990.000đ
Xiaomi POCO X6 Pro 5G 8GB 256GB,7.540.000đ
Nubia Air 5G 8GB 256GB,5.490.000đ
Itel RS4 12GB 256GB NFC,3.390.000đ
Điện thoại Meizu Mblu 21 6GB 128GB,2.690.000đ
OPPO A6t 4GB 64GB,4.490.000đ
Samsung Galaxy S26 12GB 512GB,27.490.000đ
HONOR X6c 6GB 128GB,4.190.000đ
HONOR X7d 5G 8GB 256GB,7.490.000đ
TECNO Spark Go 2 4GB 64GB,2.490.000đ
Honor X5c Plus 4GB 64GB,3.190.000đ
HONOR 400 5G 12GB 512GB,13.430.000đ
TECNO POVA 6 NEO 8GB 128GB,3.890.000đ
Nothing Phone 2A 5G 12GB 256GB,8.490.000đ
Samsung Galaxy S25 Edge 5G 12GB 256GB,21.490.000đ
Itel RS4 8GB 128GB NFC,2.990.000đ
Samsung Galaxy S24 Plus 12GB 512GB,18.990.000đ
Nubia V70 Max 6GB 128GB,2.590.000đ
HONOR 400 Lite 5G 12GB 256GB,8.130.000đ
TECNO CAMON 30 8GB 256GB,4.590.000đ
TECNO CAMON 40 8GB 256GB,5.290.000đ
Samsung Galaxy Z Flip7 12GB 512GB,27.990.000đ
Nubia V80 Design 4GB 128GB,3.490.000đ
Điện thoại Meizu Mblu 22 Pro NFC 4GB 128GB,2.690.000đ
HONOR X7d 8GB 128GB,6.190.000đ
Nokia 220 4G,980.000đ
Nokia HMD 105 4G,690.000đ
Điện thoại trẻ em Masstel Alfa 5,1.050.000đ
Nubia V60 Design 6GB 256GB,2.690.000đ
HONOR Play 10 4GB 128GB,2.580.000đ
Itel RS4 8GB 256GB NFC,3.290.000đ
Xiaomi Redmi Note 12 Pro 4G 8GB 256GB,5.690.000đ
Nokia 3210 4G,1.450.000đ
Nubia V80 Max 8GB 128GB,3.890.000đ
vivo Y28 8GB 256GB,6.490.000đ
Nokia 105 4G Pro,750.000đ
Honor X5c Plus 4GB 128GB,3.490.000đ
Viettel T2 4G,530.000đ
Samsung Galaxy S23 Plus 8GB 256GB,19.990.000đ
vivo Y16 4GB 128GB,4.490.000đ
Masstel Izi 15 4G,420.000đ
Benco S1 Pro 8GB 256GB,3.590.000đ
Nokia 110 4G Pro,820.000đ
Masstel Fami 8 4G,580.000đ
Masstel izi T5 plus 4G,530.000đ
OPPO Reno8 5G (8GB 256GB),13.990.000đ
Masstel izi T8,530.000đ
Masstel izi  22,470.000đ
Masstel Fami 25,650.000đ
Masstel Izi S8,485.000đ
iPhone 12 Pro Max 128GB I Chính hãng VN/A,23.490.000đ
TECNO SPARK 30 5G 6GB 128GB,3.290.000đ
Samsung Galaxy S23 Ultra 256GB,19.490.000đ
iPhone 15 Pro Max 1TB | Chính hãng VN/A,31.990.000đ
Samsung Galaxy A16 5G 8GB 128GB,4.990.000đ
Samsung Galaxy Note 10+ (Plus),26.990.000đ
Samsung Galaxy S20,21.490.000đ
iPhone 14 Plus 128GB | Chính hãng VN/A,15.990.000đ
TECNO Spark 40 8GB 256GB,3.590.000đ
Samsung Galaxy S23 Ultra 12GB 512GB,22.290.000đ
Samsung Galaxy Note 10,13.800.000đ
Samsung Galaxy Z Flip6 12GB 256GB,19.990.000đ
TECNO CAMON 30S 8GB 256GB,4.090.000đ
Itel P55 Plus 8GB 128GB,2.590.000đ
realme 13+ 5G 8GB 256GB,6.590.000đ
HONOR X7c 8GB 256GB,4.300.000đ
Samsung Galaxy Note 20 Ultra 5G 256GB,32.990.000đ
Samsung Galaxy Note 20,23.990.000đ
ZTE Nubia Z60S Pro 12GB 256GB,9.990.000đ
Samsung Galaxy S20 FE 256GB,7.200.000đ
Nubia RedMagic 8S Pro 5G 12GB 256GB,18.990.000đ
ASUS ROG Phone 6 12GB 256GB,14.490.000đ
Samsung Galaxy A05S 4GB 128GB,3.350.000đ
Nubia V70 Max 4GB 128GB,2.390.000đ
OPPO A18 4GB 64GB,2.890.000đ
ZTE Blade V50 Design 8GB 128GB,2.790.000đ
Điện thoại Nubia A56 4GB 128GB,2.190.000đ
Samsung Galaxy A72,11.490.000đ
Samsung Galaxy A54 8GB 256GB,7.890.000đ
HONOR X5b 4GB 64GB,2.160.000đ
Điện thoại Nubia A36 4GB 64GB,2.490.000đ
TECNO SPARK 30C 4GB 128GB,2.190.000đ
Xiaomi 14 Pro,Giá Liên Hệ
Samsung Galaxy A21s 6GB,4.690.000đ
Samsung Galaxy A06s,Giá Liên Hệ
Masstel izi T2 4G,500.000đ
Tecno Spark 7,Giá Liên Hệ
Xperia 10 V,Giá Liên Hệ
Xiaomi 14 Lite,Giá Liên Hệ
Samsung Galaxy A15 5G,Giá Liên Hệ
OPPO Reno13F 5G 12GB-512GB,Giá Liên Hệ
Xiaomi 14 12GB 256GB,Giá Liên Hệ
Tecno Phantom V Fold,Giá Liên Hệ
Xiaomi 14 8GB 256GB,Giá Liên Hệ
Samsung Galaxy Note 20 Ultra 5G 512GB,32.990.000đ
Xiaomi 13S Ultra,Giá Liên Hệ
Samsung A36 5G 8GB - 256GB,Giá Liên Hệ
Realme 9 SE 5G,Giá Liên Hệ
Tecno Spark 9T,Giá Liên Hệ
Samsung Galaxy A34 5G 8GB 256GB,Giá Liên Hệ
Tecno Pova 4,Giá Liên Hệ
Tecno Camon 19,Giá Liên Hệ
Huawei Enjoy 50 Pro,Giá Liên Hệ
Tecno Pova Neo 5G,Giá Liên Hệ
OPPO Reno13F 5G 8GB-256GB,Giá Liên Hệ
OPPO Reno13F 4G 12GB - 256GB,Giá Liên Hệ
OPPO Reno13F 5G 8GB-128GB,Giá Liên Hệ
Oppo A32,Giá Liên Hệ
Xiaomi 12X,Giá Liên Hệ
Oppo A52,4.990.000đ
vivo X200 Ultra,Giá Liên Hệ
Bphone B86s,Giá Liên Hệ
Samsung Galaxy Z Silde,Giá Liên Hệ
Apple iPhone 5S 16GB,Giá Liên Hệ
Samsung Galaxy A50s,6.990.000đ
Xiaomi Redmi Note 9 Pro,5.750.000đ
Vsmart Live 6GB,3.790.000đ
Samsung Galaxy A23 6GB 128GB,Giá Liên Hệ
iPhone 15 Pro Max 2TB | Chính hãng VN/A,Giá Liên Hệ
Samsung Galaxy M21s,Giá Liên Hệ
Tecno Pova Neo 2,Giá Liên Hệ
OPPO Reno13F 4G - 8GB-128GB,Giá Liên Hệ
OPPO Reno13F 4G 12GB-512GB,Giá Liên Hệ
Oppo A92,5.740.000đ
Samsung Galaxy S 2019,20.990.000đ
Oppo A31,4.190.000đ
Samsung Galaxy A70,9.290.000đ
Xiaomi Redmi 13X,Giá Liên Hệ
Samsung Galaxy S8 Chính hãng,15.990.000đ
Samsung Galaxy M51,Giá Liên Hệ
Vsmart Joy 3 2GB,2.090.000đ
Nokia 7.2,6.190.000đ
Oppo Reno4 SE,Giá Liên Hệ
Vsmart Joy 2 Plus 2GB,1.990.000đ
ASUS ZenFone Max Pro M2 3GB,5.290.000đ
OPPO Find X8 mini,Giá Liên Hệ
Nokia 3.2,3.290.000đ
Bphone B40,Giá Liên Hệ
Xiaomi 14 12GB 512GB,Giá Liên Hệ
Samsung Galaxy XCover6 Pro,Giá Liên Hệ
Tecno Camon 19 Pro,Giá Liên Hệ
Tecno POP 6 Go 4G,Giá Liên Hệ
Infinix Smart 9 3GB 64GB,Giá Liên Hệ
masstel izi 230,Giá Liên Hệ
Nothing Phone 3,Giá Liên Hệ
Điện thoại iPhone 16 Pro Max 256GB,30.990.000đ
OPPO Find X9 12GB 256GB,22.990.000đ
Xiaomi 14T Pro 12GB 512GB,12.990.000đ
iPhone 15 Pro Max 512GB | Chính hãng VN/A,28.490.000đ
iPhone 15 Pro 128GB | Chính hãng VN/A,23.990.000đ
iPhone 14 Pro Max 256GB | Chính hãng VN/A,27.990.000đ
iPhone 14 Pro 128GB | Chính hãng VN/A,22.990.000đ
iPhone 15 Plus 256GB | Chính hãng VN/A,21.290.000đ
iPhone 16 256GB | Chính hãng VN/A,22.390.000đ
iPhone 15 Pro 256GB | Chính hãng VN/A,26.290.000đ
Redmi Note 13 Pro 5G 12GB 512GB,6.990.000đ
Nubia Neo 3 5G 8GB 256GB,5.090.000đ
Xiaomi Redmi Note 13 Pro 4G 8GB 128GB,4.690.000đ
HONOR Win RT,Giá Liên Hệ
Nubia Neo 2 5G,4.290.000đ
OPPO Reno14 F 5G 8GB 256GB,10.100.000đ
realme GT Neo 3,Giá Liên Hệ
iPhone 16 Pro 1TB | Chính hãng VN/A,35.990.000đ
Xiaomi Redmi Note 13 6GB 128GB,3.790.000đ
Samsung Galaxy A55 5G 8GB 128GB,7.590.000đ
iPhone 12 64GB | Chính hãng VN/A,7.990.000đ
iPhone 14 Pro 256GB | Chính hãng VN/A,24.990.000đ
Samsung Galaxy S24 Ultra 12GB 512GB,23.990.000đ
iPhone 12 mini 64GB I Chính hãng VN/A,12.990.000đ
Samsung Galaxy S24 FE 5G 8GB 128GB,11.490.000đ
iPhone 11 128GB | Chính hãng VN/A,8.490.000đ
iPhone 12 128GB | Chính hãng VN/A,9.990.000đ
Tecno Pova 7 8GB 256GB,4.990.000đ
Samsung Galaxy A16 LTE 4GB 128GB,3.390.000đ
Xiaomi Redmi Note 13 Pro Plus 5G 8GB 256GB,6.490.000đ
OPPO A3X 6GB 128GB,4.210.000đ
vivo iQOO Z9 Turbo,Giá Liên Hệ
OPPO Find N,Giá Liên Hệ
Samsung Galaxy A15 LTE 8GB 128GB,4.290.000đ
Xiaomi Redmi Note 12S,4.990.000đ
Samsung Galaxy M55 12GB 256GB,7.990.000đ
OPPO Reno13 F 5G 12GB 256GB,8.990.000đ
Xiaomi Redmi Note 12 4GB 128GB,3.790.000đ
HONOR 600 Pro 5G 12GB 256GB,Giá Liên Hệ
Redmi K50 Gaming Edition,Giá Liên Hệ
Samsung Galaxy A25 5G 6GB 128GB,4.690.000đ
Redmi Turbo 5 Max,Giá Liên Hệ
Xiaomi Redmi 14C 4GB 128GB,2.850.000đ
Samsung Galaxy S23 8GB 128GB ĐKH Online,13.790.000đ
OPPO A5i 4GB 128GB,3.690.000đ
Samsung Galaxy S22 Ultra 8GB 128GB,30.990.000đ
realme C33 4G (3GB -  32GB),1.850.000đ
Samsung Galaxy A54 5G 8GB 128GB,7.390.000đ
TECNO Spark 40 6GB 128GB,3.290.000đ
Samsung Galaxy A23 4G,3.600.000đ
HONOR Power 2,Giá Liên Hệ
Xiaomi Redmi Note 12 Pro 4G,Giá Liên Hệ
Samsung Galaxy A05S 6GB 128GB,3.290.000đ
Samsung Galaxy S22 Ultra 12GB  256GB đã kích hoạt online,18.990.000đ
Samsung Galaxy S21 FE 8GB 128GB,8.800.000đ
OPPO Reno13 F 8GB 256GB,8.530.000đ
Xiaomi Redmi Note 11 Pro,5.790.000đ
Samsung Galaxy Z Fold4 256GB,22.490.000đ
Xiaomi Redmi Note 12 Turbo,Giá Liên Hệ
Xiaomi Redmi Turbo 4,Giá Liên Hệ
Điện thoại Masstel S7 4GB 128GB,1.990.000đ
Huawei Mate XT Ultimate,Giá Liên Hệ
OPPO Reno11 F 5G 8GB 256GB,6.990.000đ
vivo iQOO Z9,Giá Liên Hệ
Xiaomi Poco F7 Pro,Giá Liên Hệ
Xiaomi 13T Pro 5G 12GB 512GB,Giá Liên Hệ
Samsung Galaxy Z Flip5 512GB,Giá Liên Hệ
Samsung Galaxy Z Fold5 12GB 256GB,27.990.000đ
Xiaomi 17 5G,Giá Liên Hệ
Huawei P60 Pro,Giá Liên Hệ
Xiaomi 13 Lite,8.290.000đ
Xiaomi Redmi Note 10,5.100.000đ
Google Pixel 7 Pro,Giá Liên Hệ
Điện thoại Xiaomi 17 Pro Max,Giá Liên Hệ
Samsung Galaxy A14 4G,2.990.000đ
Huawei P60,Giá Liên Hệ
Xiaomi Black Shark 5,Giá Liên Hệ
Google Pixel 7,Giá Liên Hệ
Điện thoại Meizu Mblu 21 4GB 64GB,2.290.000đ
Xiaomi Redmi Note 11 Pro Plus 5G,6.090.000đ
Honor Magic 5 Pro,Giá Liên Hệ
OPPO Reno 7 Pro,9.990.000đ
Nubia Red Magic 9 Pro,Giá Liên Hệ
iPhone 13 Pro 128GB | Chính hãng VN/A,21.990.000đ
Samsung Galaxy S24 8GB 256GB,16.790.000đ
Điện thoại OPPO A55 (4GB - 64GB),3.490.000đ
Xiaomi 17 5G 12GB 512GB,Giá Liên Hệ
Xiaomi 15 Pro,Giá Liên Hệ
Honor Magic 6 Pro,Giá Liên Hệ
Xiaomi Redmi 12C 4GB 64GB,2.190.000đ
Google Pixel 9 Pro,Giá Liên Hệ
Samsung Galaxy S22 Plus (8GB + 128GB),16.990.000đ
Honor Magic 5,Giá Liên Hệ
Google Pixel 8 Pro,Giá Liên Hệ
Google Pixel 9,Giá Liên Hệ
Điện thoại Xiaomi 17 Pro,Giá Liên Hệ
realme C33 4GB 64GB,2.190.000đ
OPPO A56,Giá Liên Hệ
TECNO SPARK Go 1 4GB 64GB,1.860.000đ
Xiaomi 13 Ultra,Giá Liên Hệ
Xiaomi 13 Ultra,Giá Liên Hệ
Xiaomi Redmi K70,Giá Liên Hệ
Samsung Galaxy Z Flip6 12GB 512GB,21.990.000đ
POCO F6,Giá Liên Hệ
TECNO Pova 8 8GB 128GB,Giá Liên Hệ
Infinix Note 40 Pro 8GB 256GB,5.790.000đ
Honor X40 5G,Giá Liên Hệ
Nothing Phone 2,Giá Liên Hệ
Huawei Mate X6,Giá Liên Hệ
realme GT Neo 5,Giá Liên Hệ
Infinix HOT 50i 4GB 128GB,Giá Liên Hệ
OPPO Find X7 Pro,Giá Liên Hệ
Realme V30,Giá Liên Hệ
Huawei Mate 60 Pro,Giá Liên Hệ
Sharp Aquos R8,Giá Liên Hệ
Samsung Galaxy Buddy2,Giá Liên Hệ
Meizu 20,Giá Liên Hệ
Xiaomi POCO F5 Pro,Giá Liên Hệ
Xiaomi Redmi K70 Pro,Giá Liên Hệ
OnePlus Nord N30,Giá Liên Hệ
Xiaomi Mix Fold 3,Giá Liên Hệ
Redmi K60,Giá Liên Hệ
Honor 200 Pro,Giá Liên Hệ
Samsung Galaxy M44,Giá Liên Hệ
realme C60 4GB 64GB,2.390.000đ
Leitz Phone 1,Giá Liên Hệ
Redmi K60 Pro 5G,Giá Liên Hệ
OPPO Find X8 Pro 5G 16GB 512GB,Giá Liên Hệ
huawei p60 art,Giá Liên Hệ
Google Pixel 6,Giá Liên Hệ
Xiaomi POCO M7,Giá Liên Hệ
Honor X8A,Giá Liên Hệ
vivo X90 Pro,Giá Liên Hệ
Xiaomi Redmi Note 13 Turbo,Giá Liên Hệ
Masstel izi 16 4G,450.000đ
realme GT6 Pro,Giá Liên Hệ
OPPO Find X7 5G 12GB 256GB,Giá Liên Hệ
Xiaomi Mi 10 Ultra,Giá Liên Hệ
ViVo iQOO 10 Pro,Giá Liên Hệ
Google Pixel 9 Pro XL,Giá Liên Hệ
realme C75X 8GB-128GB,Giá Liên Hệ
iQOO 11,Giá Liên Hệ
Red Magic 7S Pro,Giá Liên Hệ
Điện thoại ZTE Blade A72 3GB 128GB,1.990.000đ
Samsung Galaxy A75,Giá Liên Hệ
Vivo X90,Giá Liên Hệ
Điện thoại Xiaomi Poco F7,Giá Liên Hệ
Google Pixel Fold,Giá Liên Hệ
Điện thoại Xiaomi 15T 12GB 256GB,Giá Liên Hệ
OPPO Reno9 Pro,Giá Liên Hệ
ViVo iQOO 10,Giá Liên Hệ
OPPO A2m,Giá Liên Hệ
Samsung Galaxy Tab S10 FE 5G,Giá Liên Hệ
ZTE Nubia Z60 Ultra,Giá Liên Hệ
OPPO Find N2,Giá Liên Hệ
Xiaomi Redmi Note 14 Pro 5G 8GB 256GB,Giá Liên Hệ
Realme GT Neo 6,Giá Liên Hệ
Motorola Razr 40 Ultra,Giá Liên Hệ
Samsung Galaxy M16 5G,Giá Liên Hệ
Samsung Galaxy A24,Giá Liên Hệ
Google Pixel 5,Giá Liên Hệ
Vivo Y56,Giá Liên Hệ
Điện thoại Xiaomi 15T Pro 12GB 256GB,Giá Liên Hệ
OPPO Find X8 Ultra,Giá Liên Hệ
Xiaomi Mix Alpha,Giá Liên Hệ
Samsung A56 5G 12GB - 256GB,Giá Liên Hệ
Samsung Galaxy A74,Giá Liên Hệ
Honor X9,Giá Liên Hệ
HTC Wildfire E3 Lite,Giá Liên Hệ
vivo iQOO Z9x,Giá Liên Hệ
HONOR Magic V Flip 2,Giá Liên Hệ
Oneplus Ace 2 Pro,Giá Liên Hệ
Samsung Galaxy A16 5G 8GB 256GB,Giá Liên Hệ
realme C75 (8GB-128GB),Giá Liên Hệ
Xiaomi POCO F8 Ultra 12GB 256GB,Giá Liên Hệ
Vivo S1,Giá Liên Hệ
Vivo Y01,Giá Liên Hệ
Vivo iQOO 9 Pro,Giá Liên Hệ
Huawei Nova 11i,Giá Liên Hệ
OPPO A58 8GB 256GB,Giá Liên Hệ
OPPO A97,Giá Liên Hệ
Realme GT3,Giá Liên Hệ
Itel A70,Giá Liên Hệ
realme 10 Pro Plus,Giá Liên Hệ
Honor 200 Lite,Giá Liên Hệ
Vivo Y66,Giá Liên Hệ
Vivo X90 Pro Plus,Giá Liên Hệ
vivo X Note,Giá Liên Hệ
Nubia Neo 5 Max,Giá Liên Hệ
Honor X7,Giá Liên Hệ
Meizu 20 Pro,Giá Liên Hệ
Xiaomi Redmi Note 12T Pro,Giá Liên Hệ
Google Pixel 3 XL,Giá Liên Hệ
OPPO Find X6 Pro,Giá Liên Hệ
ZenFone 10,Giá Liên Hệ
OPPO K10x,Giá Liên Hệ
Google Pixel 3,Giá Liên Hệ
Xiaomi Redmi Note 14 Pro,Giá Liên Hệ
Nothing Phone 3A Pro,Giá Liên Hệ
Samsung Galaxy S24FE 5G 8GB 256GB,Giá Liên Hệ
Huawei Mate 50E,Giá Liên Hệ
iQOO Neo 7 Pro,Giá Liên Hệ
Realme GT Neo 5 SE,Giá Liên Hệ
Xiaomi Mi 10T,Giá Liên Hệ
Xiaomi Poco F4 GT,Giá Liên Hệ
OPPO Reno12 F 4G 8GB 256GB,Giá Liên Hệ
Xiaomi Redmi Note 14 Pro 8GB 128GB,Giá Liên Hệ
Realme Narzo 50i Prime,Giá Liên Hệ
Xiaomi Civi 1S,Giá Liên Hệ
Xiaomi 17T Pro 5G 12GB 512GB,Giá Liên Hệ
Google Pixel 9 Pro Fold,Giá Liên Hệ
Huawei Enjoy 60X,Giá Liên Hệ
OPPO Reno 11 A,Giá Liên Hệ
vivo X100 Pro,Giá Liên Hệ
Realme V30t,Giá Liên Hệ
Nubia V80 Max 4GB 128GB,3.990.000đ
Google Pixel 6 Pro,Giá Liên Hệ
Xiaomi Redmi Note 14 8GB 128GB,Giá Liên Hệ
ZTE Nubia Z50 Ultra,Giá Liên Hệ
Samsung Galaxy A55 5G 12GB 256GB,Giá Liên Hệ
Redmi Note 12T Pro,Giá Liên Hệ
Samsung W22,Giá Liên Hệ
realme Narzo 50,Giá Liên Hệ
Nokia X30 5G,Giá Liên Hệ
Huawei Nova 10 SE,Giá Liên Hệ
Honor Magic 2,Giá Liên Hệ
Google Pixel 6a,Giá Liên Hệ
OPPO A2,Giá Liên Hệ
Xiaomi Redmi Note 14S,Giá Liên Hệ
OPPO A2x,Giá Liên Hệ
Honor 90 Pro,Giá Liên Hệ
HONOR 600 5G 8GB 256GB,Giá Liên Hệ
Xiaomi POCO C65,Giá Liên Hệ
Huawei Nova Y91,Giá Liên Hệ
Asus Rog Phone 8 ultimate,Giá Liên Hệ
Samsung A06 5G 4GB-64GB,Giá Liên Hệ
Nokia 150,Giá Liên Hệ
Motorola Moto G73,Giá Liên Hệ
Honor X6,Giá Liên Hệ
Vivo V27,Giá Liên Hệ
OPPO A1 Pro,Giá Liên Hệ
Honor 80 GT,Giá Liên Hệ
Vivo V9,Giá Liên Hệ
Google Pixel 2,Giá Liên Hệ
Xiaomi Redmi A5 4G,Giá Liên Hệ
Vivo V7,Giá Liên Hệ
Xiaomi Redmi Note 10T,Giá Liên Hệ
Realme V20 5G,Giá Liên Hệ
vivo Y36 8GB 256GB,Giá Liên Hệ
Nubia Red Magic 10,Giá Liên Hệ
Vivo Nex 3,Giá Liên Hệ
Xiaomi Redmi K70e,Giá Liên Hệ
Infinix Note 30 Pro,Giá Liên Hệ
Nothing Phone 1,Giá Liên Hệ
OPPO K10 Pro,Giá Liên Hệ
OPPO A1x,Giá Liên Hệ
Xiaomi 14T Pro 8GB 256GB,Giá Liên Hệ
Nubia Redmagic 8s Pro 16GB 512GB Transparent,Giá Liên Hệ
Honor X9B,Giá Liên Hệ
Google Pixel 5a,Giá Liên Hệ
Google Pixel 5a,Giá Liên Hệ
Vivo Y52,Giá Liên Hệ
realme 11X 5G,Giá Liên Hệ
Xiaomi Redmi Note 13 12GB 256GB,Giá Liên Hệ
Xiaomi Redmi Note 13R Pro,Giá Liên Hệ
Huawei Nova 10,Giá Liên Hệ
realme 12 Pro,Giá Liên Hệ
Vivo iQOO Neo 8 Pro,Giá Liên Hệ
Nokia 130,Giá Liên Hệ
Asus ROG Phone 7 Pro,Giá Liên Hệ
OPPO Find X6,Giá Liên Hệ
Blackview N6000,Giá Liên Hệ
Xiaomi 14 Ultra 12GB 512GB,Giá Liên Hệ
vivo S19,Giá Liên Hệ
Huawei Nova 12 Pro,Giá Liên Hệ
OPPO Find X7 Ultra 12GB 256GB,Giá Liên Hệ
vivo iQOO Pad Air,Giá Liên Hệ
OnePlus Ace 2V,Giá Liên Hệ
Xperia 5 V,Giá Liên Hệ
vivo V30 Pro,Giá Liên Hệ
Google Pixel 4a,Giá Liên Hệ
Xperia 5 V,Giá Liên Hệ
Samsung Galaxy Z Flip 5 8GB 512GB,Giá Liên Hệ
Tecno Pova 7 Neo,Giá Liên Hệ
Honor 80 Pro,Giá Liên Hệ
Oneplus Nord N300,Giá Liên Hệ
Motorola Edge plus,Giá Liên Hệ
Motorola Edge 40,Giá Liên Hệ
OPPO PHF110,Giá Liên Hệ
Vivo X80 Pro Plus,Giá Liên Hệ
Huawei Pocket S,Giá Liên Hệ
vivo Y200 Pro,Giá Liên Hệ
Vivo Y85,Giá Liên Hệ
realme 13+ 5G 12GB 256GB,Giá Liên Hệ
Vivo Y91,Giá Liên Hệ
Tecno Spark 10C,Giá Liên Hệ
Oneplus Open,Giá Liên Hệ
Infinix Hot 50 Pro 8GB 256GB,Giá Liên Hệ
vivo y100i,Giá Liên Hệ
Samsung A06 5G 6GB - 128GB,Giá Liên Hệ
Redmi K60 Ultra,Giá Liên Hệ
Vivo Y95,Giá Liên Hệ
vivo IQOO Neo 8,Giá Liên Hệ
realme GT 5 Pro,Giá Liên Hệ
vivo y100i,Giá Liên Hệ
Honor 90,Giá Liên Hệ
Oneplus 12,Giá Liên Hệ
OnePlus Nord CE 4 Lite,Giá Liên Hệ
Motorola Edge 40 Pro,Giá Liên Hệ
Realme GT Neo 6,Giá Liên Hệ
OPPO K11,Giá Liên Hệ
OPPO A56s,Giá Liên Hệ
Samsung A26 5G 8GB - 256GB,Giá Liên Hệ
TECNO Spark 50 4GB 128GB,Giá Liên Hệ
OPPO A2 Pro,Giá Liên Hệ
Masstel Izi 10 4G,Giá Liên Hệ
Google Pixel 4 XL,Giá Liên Hệ
Honor Magic V2,Giá Liên Hệ
Vivo S17,Giá Liên Hệ
Samsung Galaxy C55,Giá Liên Hệ
Samsung Galaxy C55,Giá Liên Hệ
Vivo Y67,Giá Liên Hệ
Vivo X100,Giá Liên Hệ
Lenovo Legion Y70,Giá Liên Hệ
Vivo Y97,Giá Liên Hệ
vivo S19 Pro,Giá Liên Hệ
Vivo iQOO Z7x,Giá Liên Hệ
Xiaomi Redmi Note 12 Pro+,Giá Liên Hệ
Vivo V29,Giá Liên Hệ
Vivo Y27s,Giá Liên Hệ
Honor Magic V3,Giá Liên Hệ
Samsung Galaxy A06 4GB 64GB,Giá Liên Hệ
OPPO Reno9 Z,Giá Liên Hệ
vivo Y200i,Giá Liên Hệ
Blackview A95,Giá Liên Hệ
Xiaomi Redmi Note 14 Pro 12GB 512GB,Giá Liên Hệ
OPPO A1,Giá Liên Hệ
Nokia C12,Giá Liên Hệ
Sony Xperia X Compact,Giá Liên Hệ
Vivo iQOO Z6,Giá Liên Hệ
realme 12 Pro plus,Giá Liên Hệ
Huawei Enjoy 60 Pro,Giá Liên Hệ
realme GT 5,Giá Liên Hệ
TECNO Spark 50 Pro 4GB 128GB,Giá Liên Hệ
ASUS ROG Phone 6 Mediatek,Giá Liên Hệ
Honor X50i,Giá Liên Hệ
Oneplus Nord CE2,Giá Liên Hệ
Infinix Zero 5G,Giá Liên Hệ
Masstel Tab 10.4,Giá Liên Hệ
OPPO Reno12 F 5G 12GB-256GB,Giá Liên Hệ
Xiaomi Redmi Note 14 Pro 8GB 256GB,Giá Liên Hệ
Samsung A36 5G 12GB - 256GB,Giá Liên Hệ
vivo Y200 GT,Giá Liên Hệ
POCO F6 5G,Giá Liên Hệ
Doogee V30 Pro,Giá Liên Hệ
Sony Xperia 5 IV,Giá Liên Hệ
Huawei Nova 10 Pro,Giá Liên Hệ
Xiaomi 14 Pro 12GB 512GB,Giá Liên Hệ
vivo T3x,Giá Liên Hệ
Vivo Y30 5G,Giá Liên Hệ
Honor X5 Plus,Giá Liên Hệ
OnePlus Ace 3 Pro,Giá Liên Hệ
OnePlus V Fold,Giá Liên Hệ
Masstel Play 50,Giá Liên Hệ
Realme 9i 5G,Giá Liên Hệ
Realme V23 5G,Giá Liên Hệ
Realme C55 8GB 128GB,Giá Liên Hệ
Vivo S17e,Giá Liên Hệ
Xiaomi CIVI 3,Giá Liên Hệ
Xiaomi Redmi A4,Giá Liên Hệ
OPPO A98 5G,Giá Liên Hệ
Xiaomi Redmi 11 Prime 5G,Giá Liên Hệ
vivo Y22,Giá Liên Hệ
Nokia Hero 5G,Giá Liên Hệ
realme C67 8GB 256GB,Giá Liên Hệ
Doogee S100 Pro,Giá Liên Hệ
OPPO Reno9 Pro Plus,Giá Liên Hệ
Xiaomi Redmi Note 13 8GB 128GB,Giá Liên Hệ
Huawei P50 Pocket S,Giá Liên Hệ
Infinix Hot 40,Giá Liên Hệ
Motorola Moto G13,Giá Liên Hệ
Infinix Hot 40,Giá Liên Hệ
Xiaomi POCO C51,Giá Liên Hệ
TCL 50SE,Giá Liên Hệ
Vivo Y77e 5G,Giá Liên Hệ
Xiaomii 14 Lite 12GB 512GB,Giá Liên Hệ
Huawei Nova 9 SE,Giá Liên Hệ
Leitz Phone 2,Giá Liên Hệ
Xiaomi Redmi Note 13s,Giá Liên Hệ
Vivo iQOO 11s,Giá Liên Hệ
Samsung Galaxy F54 5G,Giá Liên Hệ
TECNO Spark Go 3,Giá Liên Hệ
Honor 200,Giá Liên Hệ
Honor Play 30,Giá Liên Hệ
TECNO CAMON 20 Pro 5G,Giá Liên Hệ
OnePlus Nord N20 SE,Giá Liên Hệ
Infinix Note 40 5G,Giá Liên Hệ
vivo y78,Giá Liên Hệ
Vsmart Bee 5,1.590.000đ
Vivo iQOO Z7,Giá Liên Hệ
Vivo X Fold 3,Giá Liên Hệ
realme 10T,Giá Liên Hệ
Samsung Galaxy F13,Giá Liên Hệ
Vivo Y22T,Giá Liên Hệ
Vivo Y81,Giá Liên Hệ
TCL 505,Giá Liên Hệ
Xiaomi 14 Pro 12GB 256GB,Giá Liên Hệ
Honor 80,Giá Liên Hệ
Honor 70 Lite,Giá Liên Hệ
Honor Magic V,Giá Liên Hệ
masstel x6,Giá Liên Hệ
Masstel x1,Giá Liên Hệ
Masstel Tab 10A,Giá Liên Hệ
Motorola Moto G22,Giá Liên Hệ
Xiaomi 15 5G 12GB 256GB,Giá Liên Hệ
Samsung Galaxy A35 5G 8GB-256GB,Giá Liên Hệ
Google Pixel 2 XL,Giá Liên Hệ
OPPO F27 Pro Plus,Giá Liên Hệ
Black Shark 5S Pro,Giá Liên Hệ
Doogee V30T,Giá Liên Hệ
Redmi Note 11R,Giá Liên Hệ
Vivo X80 Lite,Giá Liên Hệ
Samsung Galaxy A14 4G 6GB 128GB,Giá Liên Hệ
vivo Y78+,Giá Liên Hệ
Huawei Nova Y70 Plus,Giá Liên Hệ
Xiaomi Redmi K50S Pro,Giá Liên Hệ
Lenovo ThinkPhone,Giá Liên Hệ
HONOR 600 5G 12GB 256GB,Giá Liên Hệ
Honor X50i+,Giá Liên Hệ
Honor 90 Lite,Giá Liên Hệ
Honor X7a,Giá Liên Hệ
Honor X40i,Giá Liên Hệ
Tecno Spark 30 5G 6GB-128GB,Giá Liên Hệ
TECNO CAMON 20 Premier,Giá Liên Hệ
OnePlus Nord CE 2 Lite 5G,Giá Liên Hệ
Infinix Hot 20 Play,Giá Liên Hệ
Masstel Izi 50 4G,Giá Liên Hệ
masstel fami 60,Giá Liên Hệ
Vivo V29 Pro,Giá Liên Hệ
Samsung Galaxy F55 5G,Giá Liên Hệ
Xiaomi Redmi Note 11SE,Giá Liên Hệ
Samsung Galaxy F55 5G,Giá Liên Hệ
Xiaomi Redmi Note 13 Pro 5G,Giá Liên Hệ
Vivo iQOO 9T,Giá Liên Hệ
Vivo X Fold Plus,Giá Liên Hệ
Xiaomi 14T 12GB 256GB,Giá Liên Hệ
Realme Narzo N53,Giá Liên Hệ
Samsung Galaxy F04s,Giá Liên Hệ
ZTE Axon 30S,Giá Liên Hệ
HTC U23 Pro,Giá Liên Hệ
POCO M6 Plus 5G,Giá Liên Hệ
OPPO F27 Pro,Giá Liên Hệ
Xiaomi 14T 12GB 512GB,Giá Liên Hệ
Oppo Reno8 4G,Giá Liên Hệ
Samsung A26 5G 6GB - 128GB,Giá Liên Hệ
Xiaomi Redmi 14,Giá Liên Hệ
vivo Y38 5G,Giá Liên Hệ
Redmi 11A,Giá Liên Hệ
Tecno Camon 40S,Giá Liên Hệ
Honor 80 Pro Plus,Giá Liên Hệ
Honor Play 7T Pro,Giá Liên Hệ
Honor 80 Pro Plus,Giá Liên Hệ
Masstel Izi 25 4G,Giá Liên Hệ
Masstel Izi 55 4g,Giá Liên Hệ
Masstel Hapi 15,Giá Liên Hệ
masstel izi 20 4g,Giá Liên Hệ
Masstel Izi 10,Giá Liên Hệ
Xiaomi Redmi Note 13 Pro Plus 4G,Giá Liên Hệ
OPPO K11x,Giá Liên Hệ
Xiaomi POCO C55,Giá Liên Hệ
OPPO A57e,Giá Liên Hệ
Xiaomi 14 Lite 8GB 256GB,Giá Liên Hệ
Xiaomi 14 Civi,Giá Liên Hệ
Samsung Galaxy F34 5G,Giá Liên Hệ
Vivo Y35 plus,Giá Liên Hệ
Huawei Nova 10z,Giá Liên Hệ
Xiaomi Redmi A2+,Giá Liên Hệ
Xiaomi Redmi 11 Pro,Giá Liên Hệ
vivo Y18e,Giá Liên Hệ
vivo y12,Giá Liên Hệ
Samsung Galaxy F34 5G,Giá Liên Hệ
Huawei Nova 10z,Giá Liên Hệ
Xiaomi Redmi 11 Pro,Giá Liên Hệ
Xiaomi Redmi A2+,Giá Liên Hệ
Nubia Z40S Pro,Giá Liên Hệ
Honor X6A,Giá Liên Hệ
TECNO SPARK 30 4G 8GB 128GB,Giá Liên Hệ
Tecno Pop 6 Pro,Giá Liên Hệ
Masstel Hapi 30,Giá Liên Hệ
Masstel Izi 26 4G,Giá Liên Hệ
Masstel Tab 8 Pro,Giá Liên Hệ
Masstel Hapi 10,Giá Liên Hệ
Masstel Izi 11,Giá Liên Hệ
masstel izi 12 4g,Giá Liên Hệ
Masstel Lux 10,Giá Liên Hệ
Masstel X5,Giá Liên Hệ
Vivo S15e,Giá Liên Hệ
Realme GT Neo 2,Giá Liên Hệ
Oppo F17,Giá Liên Hệ
Huawei Nova 7 SE,Giá Liên Hệ
Vivo V29 Lite 5G,Giá Liên Hệ
Samsung Galaxy A13 6GB 128GB,Giá Liên Hệ
Vivo X60 Pro+,Giá Liên Hệ
Redmi Note 11 SE,Giá Liên Hệ
Vivo Y52t,Giá Liên Hệ
Vivo Y32t,Giá Liên Hệ
Xiaomi 12S Ultra,Giá Liên Hệ
Xiaomi Civi,Giá Liên Hệ
Xiaomi Redmi 9 Activ,Giá Liên Hệ
Samsung Galaxy A57 12GB 256GB,Giá Liên Hệ
Samsung Galaxy A57 8GB 256GB,Giá Liên Hệ
Xiaomi Redmi Note 13 8GB 256GB,Giá Liên Hệ
Xiaomi Poco F7 Ultra,Giá Liên Hệ
Redmi Note 11 Prime 5G,Giá Liên Hệ
vivo X Fold,Giá Liên Hệ
Xiaomi 14 16GB - 1TB,Giá Liên Hệ
Realme Narzo 50i,Giá Liên Hệ
ROG Phone 6 Pro,Giá Liên Hệ
OPPO Reno8 Pro Plus,Giá Liên Hệ
Xiaomi Redmi 11 Prime 4G,Giá Liên Hệ
Xiaomi 14 Lite 12GB 256GB,Giá Liên Hệ
Samsung A56 5G 8GB - 256GB,Giá Liên Hệ
Huawei Y6S 2019,Giá Liên Hệ
Xiaomi 14T Pro 12GB 512GB,Giá Liên Hệ
vivo iQOO Z6x,Giá Liên Hệ
HONOR Magic 7 Pro,Giá Liên Hệ
Vivo Y73t,Giá Liên Hệ
Realme Note 9 Prime,Giá Liên Hệ
Xiaomi Mi MIX Fold,Giá Liên Hệ
OPPO Reno8 Pro Plus,Giá Liên Hệ
Huawei P30 Pro,23.990.000đ
Huawei P30 Lite,7.490.000đ
Huawei P30,17.990.000đ
Realme X3 Pro,Giá Liên Hệ
Huawei Nova 9 SE,Giá Liên Hệ
Nokia C02,Giá Liên Hệ
OPPO A16e,Giá Liên Hệ
Vivo S17t,Giá Liên Hệ
OPPO Reno9 Lite,Giá Liên Hệ
Realme Narzo 9i,Giá Liên Hệ
Xiaomi 14 Ultra 8GB 256GB,Giá Liên Hệ
OPPO K9x,Giá Liên Hệ
Vivo Y21T,Giá Liên Hệ
Xiaomi 12 Ultra,Giá Liên Hệ
Huawei Enjoy 20 Plus,Giá Liên Hệ
Oppo F19s,Giá Liên Hệ
Oppo K9 Pro,Giá Liên Hệ
OPPO Find N4 Flip,Giá Liên Hệ
Xiaomi Redmi 11 Prime 4G,Giá Liên Hệ
vivo V40 Lite,Giá Liên Hệ
Điện thoại Samsung Galaxy Z Flip mới,Giá Liên Hệ
ROG Phone 6 Pro,Giá Liên Hệ
Xiaomi 12i HyperCharge,Giá Liên Hệ
Redmi K50i 5G,Giá Liên Hệ
Huawei Enjoy 20,Giá Liên Hệ
Realme GT 2,Giá Liên Hệ
Xiaomi F9S,Giá Liên Hệ
Xiaomi 14 8GB 128GB,Giá Liên Hệ
HTC A102,Giá Liên Hệ
Vivo Y74s,Giá Liên Hệ
Vivo Y21T,Giá Liên Hệ
HONOR Magic 7 Pro,Giá Liên Hệ
vivo V40 Lite,Giá Liên Hệ
Điện thoại Samsung Galaxy Z Flip mới,Giá Liên Hệ
OPPO Find N4 Flip,Giá Liên Hệ
Realme X3 Pro,Giá Liên Hệ
Huawei P30 Pro,23.990.000đ
Huawei P30 Lite,7.490.000đ
Huawei P30,17.990.000đ
ROG Phone 6 Pro,Giá Liên Hệ
Xiaomi Redmi 11 Prime 4G,Giá Liên Hệ
OPPO Reno9 Lite,Giá Liên Hệ
Huawei Enjoy 20 Plus,Giá Liên Hệ
Tecno Pova Curve 2 5G 8GB 256GB,Giá Liên Hệ
HONOR 600 Lite 5G 8GB 256GB,Giá Liên Hệ
Tecno Camon Slim 4G 8GB 128GB,Giá Liên Hệ
Xiaomi Redmi A7 Pro 4GB 64GB,Giá Liên Hệ
Xiaomi Redmi A7 4GB 128GB,Giá Liên Hệ
Xiaomi 17T 5G 12GB 512GB,Giá Liên Hệ
Tecno Pop 5 Pro,Giá Liên Hệ
Honor X8 5G,Giá Liên Hệ
Honor X9C 5G 12GB 256GB,Giá Liên Hệ
Honor Play 7T,Giá Liên Hệ
OnePlus Ace Pro,Giá Liên Hệ
Masstel X9,Giá Liên Hệ
OnePlus Nord 2 CE,Giá Liên Hệ
OnePlus 10 Ultra,Giá Liên Hệ
Motorola Moto E13,Giá Liên Hệ
Motorola Rizr Rollable,Giá Liên Hệ
Masstel Izi 20,Giá Liên Hệ
Masstel Izi 55,Giá Liên Hệ
HTC Wildfire E Star,Giá Liên Hệ
Huawei P50 Pro+,Giá Liên Hệ
Vivo Y100A,Giá Liên Hệ
Oppo Reno5 Lite,Giá Liên Hệ
vivo Y18S 8GB 256GB,Giá Liên Hệ
Samsung Galaxy A37 6GB 128GB,Giá Liên Hệ
Samsung Galaxy A37 8GB 256GB,Giá Liên Hệ
ZTE V70,Giá Liên Hệ
Vivo T2x,Giá Liên Hệ
Realme X7 Pro,Giá Liên Hệ
Oppo F11 Pro 128GB,8.490.000đ
Realme V3,Giá Liên Hệ
vivo Y36t,Giá Liên Hệ
Xiaomi Redmi Note 14 Pro Plus 6GB 128GB,Giá Liên Hệ
Vivo Y10,Giá Liên Hệ
Xiaomi Redmi Note 14 Pro Plus 8GB 128GB,Giá Liên Hệ
Google Pixel 8A,Giá Liên Hệ
OPPO Find X7 Ultra 16GB 256GB,Giá Liên Hệ
Xiaomi 14 Pro 8GB 256GB,Giá Liên Hệ
OPPO Reno12 FS 5G,Giá Liên Hệ
Vivo Y77T,Giá Liên Hệ
vivo V30E SE,Giá Liên Hệ
Nokia X21 5G,Giá Liên Hệ
Samsung Galaxy M53 5G,Giá Liên Hệ
Vivo Y21e,Giá Liên Hệ
Vivo Y33e,Giá Liên Hệ
Xiaomi 11i HyperCharge,Giá Liên Hệ
Xiaomi 12 Lite,Giá Liên Hệ
Vivo Y1s,Giá Liên Hệ
Xiaomi Redmi 11,Giá Liên Hệ
Realme C30,Giá Liên Hệ
Vivo S15 Pro,Giá Liên Hệ
Xiaomi Redmi Note 10 JE,Giá Liên Hệ
Nokia G400,Giá Liên Hệ
Điện thoại Samsung Galaxy Z Fold mới,Giá Liên Hệ
vivo X100 Ultra,Giá Liên Hệ
Samsung Galaxy M31s,Giá Liên Hệ
Huawei Nova Y71,Giá Liên Hệ
Vivo Y35M Plus,Giá Liên Hệ
HTC U11,Giá Liên Hệ
TECNO Pova 8 8GB 256GB,Giá Liên Hệ
Vivo Y78m,Giá Liên Hệ
Redmi A1+,Giá Liên Hệ
Realme 10 8GB 256GB,Giá Liên Hệ
Xiaomi Mi 11X,Giá Liên Hệ
Xiaomi 14 Ultra 12GB 256GB,Giá Liên Hệ
Xiaomi Redmi 10 Prime,Giá Liên Hệ
vivo S15,Giá Liên Hệ
Samsung Galaxy M42,Giá Liên Hệ
Vivo Y78m,Giá Liên Hệ
OPPO Find X7 Ultra 16GB 256GB,Giá Liên Hệ
Google Pixel 8A,Giá Liên Hệ
Xiaomi 14 Pro 8GB 256GB,Giá Liên Hệ
ZTE V70,Giá Liên Hệ
Vivo Y1s,Giá Liên Hệ
Xiaomi Poco C40,Giá Liên Hệ
HONOR 600 Lite,Giá Liên Hệ
Tecno Pova Curve 2 5G 8GB 128GB,Giá Liên Hệ
Camon Slim 4G 8GB 256GB,Giá Liên Hệ
Nubia Red Magic 7 Pro,Giá Liên Hệ
Nubia Red Magic 7S,Giá Liên Hệ
Tecno Spark 8P,Giá Liên Hệ
Tecno Spark 9,Giá Liên Hệ
Honor Power,Giá Liên Hệ
Honor 90 512GB,Giá Liên Hệ
OnePlus 10,Giá Liên Hệ
OnePlus Nord 2T,Giá Liên Hệ
OnePlus Ace,Giá Liên Hệ
OnePlus 11 Pro,Giá Liên Hệ
OnePlus Ace,Giá Liên Hệ
OnePlus 11 Pro,Giá Liên Hệ
masstel izi 300,Giá Liên Hệ
